,source_number,destination_number,osrm_time,osrm_distance
0,0,1,42.833333333333336,52.32925
1,1,504,46.375,54.2579875
2,2,4,709.6666666666666,969.3302238095239
3,2,14,1038.25,1427.4236250000001
4,2,26,553.0,768.3529222222222
5,2,30,968.3478260869565,1322.6351739130434
6,2,31,357.85714285714283,492.60782857142857
7,2,32,189.16666666666666,253.58781666666667
8,2,57,97.26388888888889,130.5583
9,2,58,309.57142857142856,411.7101857142857
10,2,69,1140.0,1589.5032
11,2,85,22.303030303030305,27.21939090909091
12,2,92,1382.5,1933.5276749999998
13,2,102,1007.6428571428571,1366.8071428571427
14,2,104,20.03030303030303,22.487348484848486
15,2,109,557.4705882352941,778.2145352941177
16,2,225,391.7692307692308,550.2630461538462
17,2,264,24.431372549019606,27.966382352941174
18,2,326,28.05128205128205,32.70571794871795
19,2,421,20.214285714285715,22.394614285714287
20,2,564,31.275862068965516,42.27953448275862
21,2,643,31.4375,42.43915
22,2,760,30.833333333333332,42.56928333333333
23,2,872,97.85714285714286,137.27557857142855
24,2,897,25.75,28.957425
25,2,950,66.9090909090909,89.3195
26,2,1122,27.727272727272727,32.46602272727273
27,2,1335,22.133333333333333,27.260613333333332
28,2,1336,22.047619047619047,27.14962380952381
29,3,85,14.818181818181818,16.5965
30,3,263,17.88235294117647,19.881135294117648
31,4,2,727.7142857142857,977.0102142857143
32,4,5,51.24,50.912222
33,4,17,242.44444444444446,319.9348
34,4,21,1365.857142857143,1853.6415285714286
35,4,26,1031.4285714285713,1394.0194
36,4,30,1527.8,2073.004734285714
37,4,32,865.0,1188.1769
38,4,39,39.54545454545455,35.263754545454546
39,4,55,426.5,483.7976
40,4,57,630.5,851.2323625
41,4,90,31.333333333333332,32.840604761904764
42,4,91,48.19,38.099450000000004
43,4,92,1370.0,1851.4030666666667
44,4,93,1046.9166666666667,1413.96295
45,4,109,426.0,544.46635
46,4,112,26.952380952380953,24.661047619047622
47,4,127,16.0,13.659246153846153
48,4,152,132.9375,166.08385
49,4,171,287.0,387.387
50,4,222,285.6666666666667,346.2008666666666
51,4,227,437.5,598.3385916666667
52,4,241,27.75,25.24385625
53,4,266,190.0,248.9406
54,4,282,56.666666666666664,60.0096
55,4,299,39.46153846153846,42.00531025641026
56,4,323,219.1,292.21352
57,4,413,20.357142857142858,15.956169047619047
58,4,451,182.66666666666666,203.78147777777778
59,4,459,34.333333333333336,29.170333333333335
60,4,790,137.22222222222223,166.5396
61,4,807,117.7,146.24255
62,4,900,29.636363636363637,30.065490909090908
63,4,1135,151.0,191.4271
64,4,1509,29.666666666666668,29.963583333333332
65,4,1519,43.0,39.636849999999995
66,5,4,56.75903614457831,46.90679879518072
67,5,39,31.32,26.918924
68,5,55,431.92857142857144,471.98351428571425
69,5,90,22.61904761904762,20.889261904761906
70,5,91,57.24691358024691,53.1696938271605
71,5,112,21.77777777777778,19.061555555555557
72,5,127,36.6551724137931,32.40495172413793
73,5,241,33.42857142857143,32.27354285714286
74,5,299,16.0,16.3424
75,5,459,30.416666666666668,27.915704166666668
76,5,731,167.75,198.24595
77,5,900,21.75,19.011475
78,5,1011,68.5,70.964175
79,5,1509,21.0,19.4741
80,5,1622,432.0,471.0635
81,6,7,33.93333333333333,44.57762666666667
82,6,18,10.0,13.35745
83,7,8,35.666666666666664,24.021591666666666
84,7,18,40.0,54.4594
85,8,18,56.54545454545455,59.876363636363635
86,9,10,56.0,79.806
87,9,630,83.57142857142857,103.46017142857143
88,9,1027,24.9,35.58229
89,9,1252,22.625,32.55085
90,10,11,34.63636363636363,47.30940909090909
91,11,12,27.416666666666668,38.58269166666667
92,12,13,61.25,71.7917125
93,13,9,66.875,67.8411
94,14,15,140.4,163.89341
95,14,16,180.0,196.1742
96,14,30,95.95945945945945,94.65336351351351
97,14,102,57.166666666666664,49.70806666666667
98,14,176,129.92307692307693,181.9494923076923
99,14,214,159.07692307692307,201.5221076923077
100,14,316,35.5,39.916349999999994
101,14,473,121.53333333333333,153.65634666666665
102,14,495,47.57142857142857,62.82644285714286
103,14,563,140.33333333333334,163.4462
104,14,617,95.5,117.88578
105,14,652,95.2,128.91038666666665
106,14,970,42.8,37.45632
107,14,1180,46.0,59.6565
108,14,1291,55.0,66.01393333333334
109,14,1311,73.0,89.5733
110,14,1350,212.0,245.6096
111,14,1582,22.0,24.9115
112,16,14,178.6153846153846,194.9123
113,16,566,26.09090909090909,21.14078181818182
114,16,804,57.84615384615385,75.6168
115,17,4,249.9090909090909,322.32440909090906
116,17,5,236.07692307692307,314.55665384615384
117,17,66,598.5,814.08745
118,17,109,485.8,678.18582
119,17,135,134.83333333333334,152.53498333333332
120,17,259,28.166666666666668,32.62455833333333
121,17,303,32.666666666666664,36.73451666666667
122,17,359,34.76190476190476,44.071999999999996
123,17,410,33.666666666666664,44.578149999999994
124,17,418,34.5,35.802350000000004
125,17,419,138.6153846153846,152.5143153846154
126,17,595,36.25,45.5152125
127,17,613,34.84615384615385,36.07859230769231
128,17,638,33.0,36.90611111111111
129,17,731,83.84615384615384,107.81002307692307
130,17,935,150.42857142857142,186.56570714285712
131,17,949,128.33333333333334,155.01346666666666
132,17,1101,36.55,45.278014999999996
133,18,19,50.285714285714285,70.38493571428572
134,18,176,65.01666666666667,92.71912999999999
135,18,198,56.25,76.4167625
136,18,199,117.0,154.5822
137,18,728,111.0,155.23260000000002
138,18,737,25.333333333333332,35.751200000000004
139,18,1029,62.166666666666664,78.71466666666667
140,18,1036,32.0,43.52075
141,18,1324,37.0,51.5829
142,19,18,52.6875,74.899
143,19,176,116.0,162.17829999999998
144,19,728,64.33333333333333,85.70466666666665
145,19,730,14.1,15.19246
146,19,1167,16.333333333333332,19.438100000000002
147,20,30,34.0,35.6947
148,20,1480,34.96875,36.252034375
149,21,22,107.81818181818181,145.13101818181818
150,21,23,214.5,302.1241
151,21,30,164.84615384615384,222.21139230769228
152,21,94,116.78571428571429,146.19355000000002
153,21,102,205.0,265.9639714285714
154,21,281,288.375,405.6995875
155,21,808,38.333333333333336,52.01073333333333
156,22,23,122.83333333333333,166.41307500000002
157,22,73,44.833333333333336,56.690641666666664
158,22,74,96.0,130.313
159,22,860,26.166666666666668,29.87946666666667
160,23,21,215.9090909090909,302.55276363636364
161,23,22,122.73333333333333,166.48538
162,23,24,53.733333333333334,69.63305333333332
163,23,628,86.33333333333333,118.28846666666668
164,24,47,75.33333333333333,104.51613333333334
165,24,1322,50.0,61.12773333333333
166,24,1323,93.2,102.20327999999999
167,25,1481,21.40909090909091,26.481459090909087
168,26,27,392.07142857142856,550.7206785714286
169,26,30,584.3076923076923,814.2755692307692
170,26,254,43.25,49.85385
171,26,389,12.058823529411764,12.92220588235294
172,26,475,21.0,20.8394
173,26,578,68.1,96.83993
174,26,640,12.5,14.0348
175,26,686,216.8,288.8687
176,26,1382,51.5,73.69635
177,27,28,49.333333333333336,70.22204166666667
178,27,30,327.8333333333333,445.7271625
179,27,102,341.75,468.326425
180,27,269,157.92857142857142,209.36550714285713
181,27,502,40.53846153846154,53.69330000000001
182,27,650,28.454545454545453,39.91553636363636
183,27,849,81.41666666666667,105.97889166666666
184,27,992,57.416666666666664,57.291783333333335
185,27,1014,48.142857142857146,63.15672857142857
186,27,1097,231.0,326.2439
187,27,1098,182.5,259.09979999999996
188,27,1176,20.0,22.140492307692305
189,27,1345,58.46153846153846,83.04261538461539
190,28,29,53.0,75.38261818181819
191,29,30,232.92307692307693,310.7560230769231
192,30,2,963.0384615384615,1322.6895923076922
193,30,4,1508.1818181818182,2063.7743090909094
194,30,14,97.5068493150685,95.26924931506849
195,30,17,1610.5,2190.7187000000004
196,30,21,168.75,221.42210416666668
197,30,26,588.5,814.1379083333333
198,30,27,321.0,444.5723
199,30,31,632.0,872.9882384615383
200,30,57,1010.2,1361.8797933333333
201,30,69,850.7777777777778,1192.536022222222
202,30,92,1015.9411764705883,1428.1231823529413
203,30,93,1166.6923076923076,1638.8492153846153
204,30,94,91.33333333333333,114.76131666666667
205,30,109,1166.047619047619,1563.5852238095238
206,30,113,737.6666666666666,995.7692499999999
207,30,124,76.77777777777777,72.5960777777778
208,30,176,212.53658536585365,281.2045463414634
209,30,189,38.3,38.54285
210,30,195,38.57692307692308,39.03842307692308
211,30,200,34.76923076923077,35.793246153846155
212,30,232,65.30434782608695,78.18903913043478
213,30,339,694.375,913.416925
214,30,384,78.55555555555556,75.45851111111112
215,30,393,646.1428571428571,901.01945
216,30,436,1282.4,1728.59758
217,30,443,65.84210526315789,77.4287105263158
218,30,444,58.0,55.906802631578955
219,30,448,68.0,65.72460000000001
220,30,623,253.0,304.9602
221,30,641,135.35714285714286,170.38251428571428
222,30,747,66.5,60.942933333333336
223,30,795,81.4074074074074,80.2418037037037
224,30,894,135.5,170.5305
225,30,927,62.529411764705884,61.00107647058823
226,30,929,55.0,52.11348888888889
227,30,971,90.8,113.36578
228,30,1094,66.83333333333333,64.91278333333334
229,30,1115,73.6,69.61042
230,30,1121,47.7,50.226980000000005
231,30,1149,168.85714285714286,221.58015
232,30,1186,50.22727272727273,48.83549090909091
233,30,1197,197.8,245.94444
234,30,1278,119.0,152.07659999999998
235,30,1347,76.5,71.45686923076923
236,30,1387,99.0,123.8015
237,30,1424,56.0,62.9226
238,31,30,629.5454545454545,875.7175727272727
239,31,32,200.68,272.800036
240,31,50,84.38461538461539,94.56303846153847
241,31,54,16.5,19.34244230769231
242,31,281,195.36363636363637,273.53497272727276
243,31,408,98.4,136.75186
244,31,504,63.44444444444444,80.02598888888889
245,31,569,22.73913043478261,27.119065217391306
246,31,907,320.5,312.928475
247,31,1226,131.36363636363637,157.49630909090908
248,31,1487,15.75,19.4031875
249,31,1540,11.956521739130435,15.407126086956522
250,32,2,198.0,264.3874333333333
251,32,4,863.3571428571429,1193.2700785714285
252,32,31,187.2,260.07887999999997
253,32,57,291.5,395.0903666666666
254,32,102,841.5384615384615,1118.8450076923077
255,32,339,122.75,169.0732875
256,32,600,75.9,104.32347999999999
257,32,1611,11.0,10.9696
258,33,34,23.0,32.40916428571428
259,33,1367,95.0,133.982325
260,33,1368,84.0,107.4206
261,33,1560,59.0,74.0993
262,34,35,28.8,41.41330666666667
263,35,36,21.2,30.779013333333335
264,36,37,15.076923076923077,21.511369230769233
265,37,57,231.16666666666666,318.6784416666667
266,38,85,12.333333333333334,12.903733333333333
267,38,263,13.833333333333334,13.543816666666666
268,39,4,45.45454545454545,36.58274545454545
269,39,5,32.78947368421053,27.569736842105264
270,40,41,35.0,49.54145
271,41,30,79.57142857142857,93.38072857142856
272,42,43,25.4,27.959929999999996
273,43,42,26.4,28.50038
274,44,125,19.666666666666668,18.804326666666668
275,45,1482,54.18181818181818,36.018136363636366
276,46,176,203.16666666666666,225.8400333333333
277,47,49,147.0,168.47979999999998
278,47,510,68.75,96.740725
279,48,49,45.333333333333336,63.176649999999995
280,49,24,126.8,166.15653
281,50,51,26.5,27.069875
282,50,435,39.583333333333336,42.14833333333333
283,50,519,33.375,36.4149125
284,50,596,60.125,81.39795000000001
285,50,1369,62.0,66.1726
286,51,52,27.666666666666668,29.1125
287,52,53,75.42857142857143,81.7906
288,52,1148,46.0,62.0344
289,53,1148,36.666666666666664,29.878816666666665
290,54,31,16.5,19.665085714285713
291,55,4,426.5,483.7143125
292,55,56,30.1,29.030399999999997
293,55,275,79.0,80.0405
294,55,289,48.53846153846154,53.76521538461539
295,55,344,79.36363636363636,79.29746363636364
296,55,521,57.0,59.80505
297,55,1418,25.5,22.9574125
298,56,193,19.8,17.24136
299,57,2,100.48913043478261,128.5149347826087
300,57,4,615.8,841.38698
301,57,30,1014.3076923076923,1361.4573923076923
302,57,33,321.8,446.94454666666667
303,57,58,212.1764705882353,281.3784117647059
304,57,85,103.4,130.99305999999999
305,57,109,480.1818181818182,632.4005636363637
306,57,171,354.0,487.6291
307,57,227,220.3846153846154,249.21006153846156
308,57,256,28.0,28.342950000000002
309,57,292,106.66666666666667,141.43063333333333
310,57,320,172.0,235.94473333333335
311,57,340,27.774193548387096,26.204435483870967
312,57,380,26.142857142857142,24.8134
313,57,382,212.0,276.3396
314,57,416,389.0,511.210955
315,57,436,683.8,911.9772300000001
316,57,739,28.625,26.2335375
317,57,873,12.473684210526315,10.88548947368421
318,58,2,297.22222222222223,397.4292777777778
319,58,109,269.09090909090907,351.64327272727274
320,58,382,47.714285714285715,64.76340714285713
321,58,948,53.0,73.250975
322,59,60,48.25,62.967025
323,59,365,49.5,56.21645
324,60,365,69.45454545454545,94.31562727272727
325,60,366,83.0,96.2851
326,61,30,929.5,1269.4809
327,61,62,94.85714285714286,134.5703
328,61,63,81.33333333333333,113.68419999999999
329,61,64,67.0,92.8987
330,61,355,30.642857142857142,43.10124285714286
331,61,845,20.0,29.23857272727273
332,61,1012,17.0,24.7521
333,61,1330,48.0,67.3785
334,62,63,33.285714285714285,36.205885714285714
335,62,65,21.0,29.7371
336,63,62,32.0,34.7827
337,63,64,17.333333333333332,22.536608333333334
338,64,63,17.0,22.5405
339,64,65,24.76923076923077,35.41806153846154
340,65,61,75.33333333333333,106.78694666666667
341,66,67,22.0,24.487
342,66,93,318.0,445.6147
343,66,109,432.7,602.45005
344,66,145,18.9,22.11264
345,66,147,54.0,68.91839999999999
346,66,365,133.0,181.73559999999998
347,66,779,82.26666666666667,112.12400666666667
348,66,797,152.0,211.1522
349,66,798,167.0,231.25469999999999
350,66,1542,15.5,16.133983333333333
351,67,66,22.0,24.7421
352,67,68,36.0,42.337
353,68,67,43.0,48.3598
354,69,30,852.75,1162.715275
355,69,70,31.714285714285715,43.79188571428572
356,69,528,127.14285714285714,169.6352642857143
357,69,905,89.28571428571429,123.56910714285713
358,69,1084,86.77777777777777,119.83330000000001
359,70,71,37.142857142857146,49.106457142857145
360,71,72,41.0,58.474675000000005
361,72,30,772.875,1051.5637
362,73,74,54.0,76.473175
363,74,1230,76.0,107.55635000000001
364,74,1412,43.0,59.707800000000006
365,75,76,70.25,81.074825
366,76,77,55.44444444444444,59.08087777777777
367,77,22,34.0,38.88368461538461
368,78,79,28.625,37.9106125
369,78,109,27.333333333333332,34.685811111111114
370,78,1467,13.0,16.3709
371,78,1504,12.6,13.28862
372,79,80,44.666666666666664,43.731677777777776
373,79,81,59.0,83.4561
374,80,81,24.857142857142858,25.5607
375,81,78,88.36363636363636,122.78854545454546
376,82,516,39.0,38.960300000000004
377,82,517,93.0,116.22073333333333
378,82,528,85.0,104.0805
379,83,84,30.363636363636363,38.537963636363635
380,83,333,111.0,135.5658
381,83,734,18.0,23.1748
382,83,840,83.0,115.3405
383,83,1079,45.285714285714285,63.48797142857143
384,83,1525,24.0,33.909324999999995
385,84,83,28.0,36.44285000000001
386,84,734,36.5,49.23569
387,85,2,22.82051282051282,27.4732
388,85,3,17.0,19.0458
389,85,57,100.625,132.8736375
390,85,104,19.58139534883721,22.453167441860465
391,85,159,24.545454545454547,28.701136363636362
392,85,264,15.71111111111111,20.26855777777778
393,85,421,19.0,22.188633333333332
394,85,564,16.763157894736842,18.519028947368422
395,85,1561,24.0,28.4958
396,86,253,16.25,16.043400000000002
397,86,432,17.1,18.600475
398,86,457,20.0,24.60045
399,86,677,53.8,73.70516
400,86,679,72.0,87.6403
401,86,770,12.153846153846153,13.818515384615385
402,86,972,56.0,73.3713
403,86,1046,31.875,41.1717625
404,86,1431,18.692307692307693,20.183061538461537
405,86,1455,20.0,21.142566666666667
406,86,1483,22.083333333333332,25.32185
407,87,92,689.3333333333334,954.8438666666666
408,87,102,1323.1666666666667,1808.0656333333334
409,87,103,40.4,39.5158
410,87,238,242.5,331.44264999999996
411,87,338,37.0,38.7147
412,87,503,248.83333333333334,341.00606666666664
413,87,820,231.0,312.81690000000003
414,87,958,54.125,65.006475
415,87,1183,138.25,177.31097499999998
416,87,1185,224.0,299.235
417,87,1204,65.0,80.386075
418,87,1209,99.4,126.65803000000001
419,87,1293,15.0,15.1033
420,87,1463,194.5,263.75815
421,88,89,33.333333333333336,34.119033333333334
422,88,1484,67.0,72.2687
423,89,1484,34.0,39.1379
424,90,4,42.07142857142857,34.57366428571429
425,90,5,22.571428571428573,22.002142857142854
426,91,4,50.534246575342465,40.70267397260274
427,91,5,56.73770491803279,53.45717868852459
428,91,39,41.5,37.9599
429,91,90,40.888888888888886,39.64426666666667
430,91,112,33.0,32.10285384615385
431,91,127,34.73076923076923,31.55441153846154
432,91,309,80.0,80.017
433,91,395,55.2,63.38274
434,91,459,31.772727272727273,30.04578181818182
435,91,900,37.5,36.65636666666666
436,91,1051,47.5,56.30395
437,91,1509,44.0,41.2743
438,92,2,1341.0,1883.85815
439,92,30,1054.6666666666667,1435.1958333333332
440,92,69,283.72727272727275,396.06011818181815
441,92,87,687.4,953.9492200000001
442,92,93,311.4347826086956,434.6979739130435
443,92,204,29.333333333333332,29.460966666666664
444,92,251,29.565217391304348,29.699247826086957
445,92,341,106.14285714285714,149.26934285714285
446,92,370,151.33333333333334,211.08573333333334
447,92,430,22.142857142857142,21.31992142857143
448,92,471,57.0,79.817
449,92,528,180.33333333333334,255.43816666666666
450,92,544,215.33333333333334,303.9979666666666
451,92,685,18.818181818181817,19.621054545454545
452,92,690,151.25,211.003425
453,92,758,58.666666666666664,82.3188
454,92,1007,101.0,131.2147125
455,92,1133,37.5,43.62305
456,92,1199,35.37931034482759,33.471806896551726
457,92,1379,72.0,90.912
458,93,4,1058.3333333333333,1423.740911111111
459,93,66,333.2,456.03689
460,93,92,323.1818181818182,434.11302272727266
461,93,814,88.4,123.96772000000001
462,93,1222,41.666666666666664,58.48108333333334
463,93,1453,135.5,181.3902875
464,94,21,114.5,145.25765
465,94,95,66.125,75.1408
466,94,98,67.5,76.19895
467,95,96,30.333333333333332,32.459399999999995
468,95,1485,65.0,70.37110000000001
469,96,94,96.5,103.7295
470,96,1485,39.0,42.42261666666666
471,97,98,32.666666666666664,38.33906666666667
472,98,94,68.75,77.521575
473,98,96,48.5,54.1109
474,99,100,40.0,54.26296666666667
475,99,122,18.952380952380953,19.21577142857143
476,99,1612,16.0,19.579
477,100,101,36.45454545454545,44.73230909090909
478,101,99,54.0,68.92110000000001
479,101,1349,17.2,19.61746
480,102,2,997.5384615384615,1367.926253846154
481,102,14,57.0,44.0332
482,102,27,335.22222222222223,465.35963333333336
483,102,30,42.75,43.87963333333334
484,102,105,21.0,18.677308
485,102,124,35.0,30.464716666666664
486,102,232,27.65714285714286,28.643514285714286
487,102,352,36.0,32.122928571428574
488,102,384,39.2,35.090520000000005
489,102,444,16.0,12.964
490,102,632,129.3,152.94269500000001
491,102,641,133.0,164.5073
492,102,738,46.0,41.939800000000005
493,102,747,24.181818181818183,23.8433
494,102,1073,36.333333333333336,32.542566666666666
495,102,1094,25.214285714285715,22.47957142857143
496,102,1098,149.5,202.68355
497,102,1115,31.0,27.751
498,102,1175,25.5,27.036466666666666
499,102,1421,151.0,202.6035
500,102,1513,375.0,489.2995
501,103,87,34.333333333333336,33.460483333333336
502,104,2,20.88888888888889,23.133511111111112
503,104,85,18.333333333333332,20.527350000000002
504,104,347,17.0,20.5299
505,104,796,15.0,19.3999
506,104,1437,18.0,18.1351
507,104,1499,14.772727272727273,18.018054545454547
508,104,1553,16.11111111111111,18.03511111111111
509,105,102,19.0,21.1231
510,106,107,58.916666666666664,62.9706
511,106,453,48.333333333333336,45.04026666666667
512,107,106,60.666666666666664,64.2529
513,107,923,21.727272727272727,31.222
514,108,85,21.333333333333332,27.112166666666667
515,109,4,424.75,542.2089000000001
516,109,26,614.1,865.9708199999999
517,109,30,1191.0,1635.114
518,109,57,447.7692307692308,596.5126384615385
519,109,58,249.72727272727272,327.2718090909091
520,109,78,28.833333333333332,36.33898333333334
521,109,92,1057.5,1471.3070500000001
522,109,93,735.125,1038.1020875
523,109,110,30.428571428571427,34.386585714285715
524,109,179,23.58823529411765,28.72034705882353
525,109,222,138.58333333333334,194.309625
526,109,360,21.642857142857142,26.669278571428574
527,109,365,299.25,422.02164999999997
528,109,428,168.5,186.9071
529,109,451,243.22222222222223,337.7733111111111
530,109,539,39.90909090909091,48.11627272727273
531,109,580,273.3333333333333,363.4475
532,109,694,122.3,169.27073000000001
533,109,716,105.5,140.17345
534,109,735,168.0,210.75039285714283
535,109,794,29.333333333333332,36.2273
536,109,834,27.0,36.865883333333336
537,109,853,56.30769230769231,76.72046923076924
538,109,1077,46.857142857142854,66.87162857142857
539,109,1114,38.4,47.00889
540,109,1286,94.14285714285714,109.54538571428573
541,110,109,32.44444444444444,36.094144444444446
542,110,1486,28.666666666666668,32.710233333333335
543,111,14,53.107142857142854,43.684725
544,111,30,61.0,65.4646
545,111,102,23.0,24.531366666666667
546,111,124,22.363636363636363,19.571581818181816
547,111,384,14.857142857142858,13.577328571428572
548,111,1186,15.5,13.740545454545453
549,112,4,34.13333333333333,26.93986
550,112,5,21.714285714285715,18.74867857142857
551,113,61,203.75,289.050775
552,113,114,49.86666666666667,68.38485333333333
553,113,180,80.33333333333333,102.70153333333333
554,113,181,92.0,130.5763
555,113,242,46.4,63.19144
556,113,361,16.285714285714285,23.693735714285715
557,113,362,37.0,52.4093
558,113,367,72.86666666666666,99.50801333333334
559,113,708,57.57142857142857,70.43791428571429
560,113,754,60.666666666666664,84.49396666666667
561,113,757,46.0,65.86930000000001
562,113,829,10.454545454545455,15.202618181818183
563,113,830,18.0,26.184299999999997
564,113,864,34.36363636363637,49.23285454545455
565,113,1259,48.357142857142854,69.29379285714286
566,114,115,23.933333333333334,26.303126666666667
567,115,116,32.61538461538461,33.08705384615385
568,116,113,76.23076923076923,107.93252307692309
569,117,2,202.85714285714286,286.66695714285714
570,117,118,40.5,54.711175
571,117,119,76.0,104.8602
572,117,121,43.5,59.377449999999996
573,117,666,64.33333333333333,80.26606666666667
574,117,667,34.0,47.7911
575,117,865,72.0,100.5391
576,117,1337,41.0,57.56425
577,117,1433,35.0,41.2941
578,118,117,41.5,56.7526
579,118,119,37.75,53.982175
580,119,118,40.0,57.6705
581,119,120,30.285714285714285,39.553942857142864
582,119,856,40.0,55.9246
583,120,117,74.0,94.5602
584,120,118,69.0,92.9899
585,120,119,30.0,38.2279
586,120,856,34.5,48.59076666666667
587,121,117,46.5,62.984775
588,121,120,51.0,56.0325
589,122,123,10.8,11.53959
590,123,99,29.5,30.88105
591,124,125,38.09090909090909,32.72126363636364
592,124,226,19.0,13.7023
593,124,1103,11.5,10.4372
594,124,1166,16.0,12.7747
595,125,44,15.714285714285714,14.94215
596,125,124,35.92307692307692,33.03301538461538
597,126,31,10.222222222222221,13.777144444444444
598,127,4,18.88888888888889,13.558522222222221
599,127,5,38.46666666666667,39.1946
600,127,241,16.78125,16.311365625
601,128,129,36.63636363636363,39.72803636363636
602,128,736,26.0,26.07785
603,129,128,36.75,39.6503
604,129,735,66.81818181818181,72.89307272727272
605,130,131,28.142857142857142,30.3981
606,130,1031,49.0,67.5189
607,131,132,27.0,27.80304
608,132,133,133.08333333333334,60.052625
609,133,134,120.5,55.759325000000004
610,134,1396,23.285714285714285,26.257785714285717
611,135,17,124.83333333333333,151.88591666666665
612,135,136,20.916666666666668,27.02195
613,135,270,89.83333333333333,121.7914
614,136,137,12.166666666666666,17.645641666666666
615,137,138,23.166666666666668,32.433708333333335
616,138,139,14.545454545454545,16.09630909090909
617,139,140,53.81818181818182,72.21322727272728
618,140,135,73.41666666666667,98.21566666666666
619,141,142,22.583333333333332,20.074808333333333
620,141,143,39.0,35.4313
621,142,143,15.615384615384615,14.788453846153846
622,142,507,26.0,28.1568
623,143,1308,20.214285714285715,21.928292857142857
624,144,93,7.0,10.19745
625,144,912,11.0,15.095
626,144,1237,17.75,25.549300000000002
627,144,1441,22.0,25.953
628,145,66,21.0,24.6676
629,145,146,22.333333333333332,25.7739
630,146,147,21.22222222222222,26.69792222222222
631,147,66,57.333333333333336,72.72104999999999
632,148,31,12.476190476190476,16.21242380952381
633,149,176,65.5,77.6722
634,150,232,11.095238095238095,12.043885714285715
635,151,1488,26.1,27.355219999999996
636,152,153,29.666666666666668,38.50757777777778
637,152,158,31.666666666666668,43.1052
638,152,501,123.92857142857143,173.65380000000002
639,152,870,50.25,55.36765
640,152,1476,39.666666666666664,43.90279999999999
641,153,156,54.0,53.4551
642,153,559,44.0,57.61315714285714
643,153,560,29.0,32.2457
644,154,155,20.0,28.244972727272728
645,155,156,56.81818181818182,66.37312727272727
646,156,152,39.0,42.714454545454544
647,157,158,31.0,36.834628571428574
648,158,152,32.5,44.295075
649,158,376,54.0,68.3756
650,159,1060,10.1,12.73753
651,159,1109,12.0,14.457040000000001
652,159,1489,11.285714285714286,13.890342857142857
653,159,1619,17.0,20.5132
654,160,161,22.5,29.54775
655,161,200,26.5,34.04905
656,162,1214,17.8,21.729499999999998
657,163,164,20.0,27.82448888888889
658,163,165,40.0,54.9441
659,164,165,14.333333333333334,20.9799
660,165,166,9.333333333333334,13.961400000000001
661,166,167,45.0,46.45068
662,167,370,35.8,33.13794
663,167,690,36.333333333333336,33.257133333333336
664,168,169,25.0,18.309091666666667
665,169,170,30.083333333333332,35.27019166666667
666,170,869,73.91666666666667,105.48700000000001
667,171,4,285.0,382.8824
668,171,172,86.84615384615384,112.12982307692307
669,171,416,140.23076923076923,182.88199230769231
670,171,946,43.75,59.497275
671,171,976,83.13333333333334,93.06876666666668
672,171,1332,74.0,103.05071428571429
673,171,1334,21.2,26.6967
674,172,173,51.92307692307692,62.59434615384615
675,173,174,60.666666666666664,66.43903333333333
676,173,175,92.0,109.555
677,174,175,37.09090909090909,40.484936363636365
678,175,171,46.0,62.090450000000004
679,176,4,1686.0,2326.1991000000003
680,176,14,130.08333333333334,182.31076666666664
681,176,18,64.16,91.404532
682,176,19,116.44444444444444,163.94726666666668
683,176,30,211.59259259259258,280.46782037037036
684,176,45,180.92307692307693,189.0608692307692
685,176,102,185.14285714285714,229.2184
686,176,149,65.0,77.5153
687,176,186,241.2,307.9753400000001
688,176,187,308.0,377.77835
689,176,198,120.83333333333333,167.76825833333334
690,176,210,35.714285714285715,49.59704285714286
691,176,213,35.0,46.57783333333333
692,176,271,138.8181818181818,176.16188181818183
693,176,321,88.0,106.1036
694,176,378,46.785714285714285,52.60722142857143
695,176,379,46.6,56.96968666666667
696,176,407,34.541666666666664,44.32471666666667
697,176,575,160.30769230769232,206.6315923076923
698,176,687,41.642857142857146,34.21610714285715
699,176,709,61.0,67.1824
700,176,728,177.54545454545453,248.40214545454546
701,176,749,37.0,44.8425
702,176,1006,88.15384615384616,100.69305384615384
703,176,1009,31.0,41.4919
704,176,1139,60.857142857142854,75.79317142857143
705,176,1482,206.0,228.0513
706,176,1521,28.823529411764707,34.27664705882353
707,177,895,80.83333333333333,110.67996666666666
708,178,442,21.7,19.98523
709,179,109,21.5,26.432025
710,180,113,69.0,85.9194
711,180,181,57.0,72.31233333333334
712,181,182,32.5,38.72095
713,182,113,126.0,170.39447272727273
714,182,180,91.0,112.83085
715,183,184,72.33333333333333,71.51663333333333
716,183,334,35.0,35.9118
717,183,648,43.55555555555556,54.28756666666666
718,183,657,73.0,72.0566
719,183,799,28.666666666666668,29.58265833333333
720,183,889,60.18181818181818,70.62661818181817
721,184,185,30.666666666666668,30.65925833333333
722,185,183,57.25,64.61385
723,186,176,228.66666666666666,300.6895
724,186,187,71.0,78.20435
725,186,188,39.5,42.491200000000006
726,186,896,71.0,78.2089
727,187,188,32.25,36.63365
728,188,176,265.5,340.73035000000004
729,188,186,38.5,41.7207
730,188,187,32.0,36.7359
731,189,30,38.8,39.26324
732,189,729,21.636363636363637,18.998004545454545
733,190,393,31.0,41.71615
734,190,1162,22.333333333333332,32.26746666666667
735,193,55,19.88888888888889,15.947633333333332
736,194,14,56.21875,43.532325
737,194,30,41.605633802816904,43.04184507042253
738,194,176,187.64285714285714,226.26633571428573
739,195,30,37.94117647058823,39.04095588235294
740,196,197,45.5,53.616290000000006
741,196,1490,43.0,46.469
742,197,1490,61.18181818181818,65.19333636363636
743,198,199,62.3,79.630725
744,198,575,66.0,85.58139999999999
745,199,18,121.15384615384616,160.28238461538461
746,199,176,180.0,243.8385
747,199,575,54.166666666666664,52.205216666666665
748,199,1231,21.0,30.6794
749,200,30,34.84615384615385,36.24186153846154
750,200,920,11.666666666666666,12.048233333333334
751,200,1491,16.0,13.6755
752,201,202,40.54545454545455,49.7442
753,201,1088,43.833333333333336,45.24126666666667
754,201,1317,59.333333333333336,62.85275000000001
755,201,1492,70.0,84.5501
756,202,1492,32.81818181818182,35.626236363636366
757,203,201,94.54545454545455,108.78638181818182
758,204,92,29.333333333333332,29.096500000000002
759,204,616,27.0,31.22155
760,205,27,288.6666666666667,391.51533333333333
761,205,619,40.7,56.982029999999995
762,205,622,37.0,52.5431
763,205,1254,32.666666666666664,46.55693333333334
764,205,1277,100.85714285714286,129.5899
765,206,207,21.0,23.596025
766,207,208,57.4,81.57455999999999
767,208,205,82.0,116.114075
768,209,300,79.5,80.42314999999999
769,209,463,88.0,97.21845
770,210,176,32.8,45.2068
771,210,211,63.0,58.9258
772,210,1264,28.0,26.912
773,211,1493,29.5,32.92355
774,211,1599,18.0,19.4578
775,212,210,51.5,63.2515
776,212,213,53.333333333333336,64.97381111111112
777,213,176,32.857142857142854,45.14987142857143
778,213,1264,28.0,26.924833333333336
779,214,215,91.0,93.207
780,215,14,228.3,274.23591
781,215,313,93.0,80.46920909090909
782,215,315,39.0,40.8
783,215,464,98.3,95.20983
784,215,1280,41.142857142857146,35.16354285714286
785,216,217,50.125,70.9877125
786,216,1127,29.0,41.6915
787,216,1388,13.714285714285714,20.20265714285714
788,216,1465,28.666666666666668,40.35463333333333
789,216,1530,35.1,37.226330000000004
790,217,218,9.0,13.43635
791,218,216,59.375,84.266
792,218,1147,32.714285714285715,46.965700000000005
793,218,1229,28.285714285714285,41.00458571428572
794,219,220,61.53846153846154,86.10144615384615
795,220,221,65.21428571428571,86.89360714285715
796,221,1494,35.57142857142857,39.00075
797,222,4,285.5,347.08081000000004
798,222,109,143.25,199.49730833333334
799,222,223,58.0,76.32075
800,222,659,92.0,101.11235
801,222,879,57.285714285714285,72.41686428571428
802,222,1102,46.666666666666664,60.735533333333336
803,222,1140,31.571428571428573,32.534414285714284
804,223,222,58.333333333333336,76.47326666666667
805,224,225,74.42857142857143,96.89552142857143
806,225,2,392.92857142857144,549.7604071428572
807,225,1240,75.0,103.1567
808,225,1302,80.6,110.89556
809,226,111,32.3,28.132600000000004
810,226,124,14.0,11.77685
811,226,384,15.8,12.75952
812,227,32,492.0769230769231,623.3610230769231
813,227,228,30.875,40.0188875
814,227,248,32.5,43.8228
815,227,740,96.0,121.4292875
816,227,1052,96.28571428571429,133.35572857142856
817,229,230,60.375,73.73859999999999
818,230,231,66.0,75.40605000000001
819,230,877,66.5,75.91290000000001
820,231,898,44.0,60.9999
821,232,30,64.80952380952381,74.12164761904762
822,232,102,25.53846153846154,28.944611538461537
823,232,150,11.333333333333334,11.97546111111111
824,232,233,29.75,40.89595357142857
825,232,354,13.0,17.00090714285714
826,232,1169,12.88888888888889,16.85207777777778
827,233,232,28.727272727272727,40.216381818181816
828,234,235,44.5,50.0632
829,235,1305,63.0,76.193
830,236,149,14.0,19.864618181818184
831,237,176,77.11111111111111,90.86692222222221
832,237,236,21.0,30.2666
833,238,239,19.0,27.377
834,238,821,44.45454545454545,61.40870909090909
835,238,878,74.0,103.5959
836,239,238,19.5,28.3002
837,239,240,29.5,40.69029999999999
838,240,238,15.666666666666666,20.0
839,241,4,29.8125,25.11029375
840,241,5,32.888888888888886,31.336211111111115
841,242,757,25.23076923076923,28.08703076923077
842,243,113,64.66666666666667,85.99321111111111
843,244,215,41.0,41.5601
844,245,246,26.0,19.672646153846152
845,245,247,27.0,22.1852
846,246,247,14.0,13.28129090909091
847,247,245,26.0,22.0203
848,247,1285,21.77777777777778,19.942155555555555
849,248,249,23.0,30.276766666666667
850,249,250,167.0909090909091,89.31069090909091
851,250,786,24.363636363636363,33.64322727272727
852,251,92,28.6,29.633999999999997
853,252,1495,37.27272727272727,47.905072727272724
854,253,86,12.555555555555555,13.938222222222223
855,254,255,32.44444444444444,43.60562222222222
856,255,26,73.33333333333333,102.9542888888889
857,256,257,10.333333333333334,15.284266666666667
858,257,57,15.0,17.34915
859,258,446,18.0,24.72161818181818
860,258,447,35.0,40.8526
861,259,17,28.5,32.413650000000004
862,259,260,18.0,21.633685714285715
863,259,358,11.0,11.58695
864,260,259,16.666666666666668,19.07466666666667
865,260,261,11.333333333333334,16.71665
866,261,259,29.0,37.0255
867,262,176,33.333333333333336,43.54861666666667
868,262,1586,34.666666666666664,44.5414
869,263,2,21.015873015873016,25.68103650793651
870,264,2,24.272727272727273,28.031627272727278
871,264,85,15.791666666666666,20.304529166666665
872,264,554,21.0,25.3485
873,264,1496,17.652173913043477,23.37987391304348
874,265,2,35.0,36.4639
875,265,264,19.875,25.6779875
876,265,1488,33.357142857142854,35.36548571428572
877,266,171,100.72727272727273,140.45082727272728
878,266,267,29.666666666666668,37.670183333333334
879,266,268,52.0,72.43780000000001
880,267,268,25.615384615384617,33.83763076923077
881,268,266,58.0,71.70255
882,268,441,43.27272727272727,54.25678181818182
883,269,27,149.2,211.83306000000002
884,269,902,133.0,185.45954615384613
885,269,1081,7.142857142857143,10.648414285714285
886,269,1538,14.714285714285714,20.4531
887,270,135,105.4,130.25378
888,271,272,26.8,38.21083
889,272,273,15.666666666666666,22.840777777777777
890,273,274,74.6,63.7971
891,274,176,264.0,284.5308
892,275,607,25.4,27.71454
893,275,1381,21.0,21.2599
894,276,277,32.44444444444444,28.88861111111111
895,277,275,45.7,45.98995
896,278,279,45.666666666666664,41.32561666666667
897,279,280,47.2,33.5687
898,280,1031,169.16666666666666,151.17666666666665
899,281,23,141.1818181818182,189.61943636363637
900,281,31,190.85714285714286,269.67771428571433
901,281,433,79.3076923076923,108.33975384615384
902,281,1110,151.25,213.01790000000003
903,281,1283,110.0,152.546
904,282,283,42.375,56.9450625
905,283,284,25.88888888888889,27.678655555555554
906,284,285,38.875,41.0366375
907,285,727,45.55555555555556,47.52181111111111
908,286,130,54.888888888888886,74.95247777777779
909,287,159,15.444444444444445,17.998266666666666
910,288,881,17.0,22.780983333333335
911,288,942,12.857142857142858,13.758514285714286
912,288,1123,15.7,16.27236
913,288,1216,15.5,15.986725
914,288,1386,13.785714285714286,15.372392857142858
915,289,55,52.5,56.46693333333334
916,289,290,37.0,32.889585714285715
917,290,291,34.53846153846154,32.1203
918,291,4,370.5833333333333,443.78924166666667
919,292,57,104.0,140.2953
920,292,293,34.0,42.0274
921,292,1401,43.0,60.9673
922,293,57,83.5,106.7019
923,293,294,19.0,22.8751
924,294,57,63.0,82.65045
925,295,296,36.06666666666667,50.2691
926,296,742,32.5,29.65707142857143
927,297,1165,42.916666666666664,46.59768333333333
928,298,1225,130.44444444444446,173.43006666666668
929,299,4,43.583333333333336,41.5354875
930,299,413,31.0,26.1444
931,300,462,99.0,88.55557142857143
932,300,474,99.57142857142857,90.66420000000001
933,300,1107,125.77777777777777,117.88483333333335
934,300,1125,63.0,72.38080000000001
935,300,1383,23.0,28.118625
936,300,1402,45.3,60.51047
937,301,300,45.0,60.4977
938,301,302,27.333333333333332,27.54991111111111
939,302,300,66.14285714285714,93.9478
940,303,17,32.75555555555555,36.77898444444445
941,303,359,8.0,10.0476
942,303,418,11.416666666666666,10.7545
943,303,595,16.06451612903226,16.80295806451613
944,304,305,25.846153846153847,34.59028461538462
945,304,425,32.416666666666664,39.71235
946,305,306,47.46153846153846,67.84651538461539
947,306,307,25.166666666666668,35.818241666666665
948,307,304,66.72727272727273,89.72334545454545
949,308,92,92.25,125.45435
950,309,91,78.66666666666667,81.73463333333333
951,309,310,18.083333333333332,18.296175
952,309,762,78.0,82.9015
953,310,309,17.8,18.04229
954,311,312,19.0,27.2075
955,311,680,36.0,51.325300000000006
956,311,1019,64.0,61.327
957,311,1370,46.0,65.5301
958,312,1370,17.0,24.923299999999998
959,313,314,39.09090909090909,26.869154545454546
960,314,315,22.636363636363637,24.39998181818182
961,315,215,38.77777777777778,40.384966666666664
962,315,314,22.0,24.3682
963,316,317,32.125,38.863550000000004
964,317,318,18.0,24.4587
965,318,14,70.66666666666667,69.73168333333334
966,319,796,19.555555555555557,23.460277777777776
967,320,57,172.30769230769232,235.81423846153845
968,320,681,98.33333333333333,137.77727777777778
969,320,1091,54.22222222222222,74.61507777777778
970,320,1271,57.0,77.4368
971,320,1541,9.461538461538462,13.765953846153847
972,321,176,84.66666666666667,105.18493333333333
973,321,1139,26.0,28.1092
974,322,339,14.0,13.8227
975,322,691,34.0,35.45685
976,323,324,43.0,59.800239999999995
977,323,751,45.81818181818182,64.13936363636364
978,324,325,39.2,55.93702
979,325,4,139.6,183.71473999999998
980,326,2,29.0,32.25548421052631
981,326,1557,13.666666666666666,11.120399999999998
982,327,328,24.818181818181817,26.642072727272726
983,328,17,62.083333333333336,76.320475
984,329,330,31.333333333333332,33.91476666666667
985,330,331,43.25,46.156125
986,331,1119,69.33333333333333,88.56873333333334
987,332,333,31.46153846153846,36.89840769230769
988,333,369,93.08333333333333,123.34999166666667
989,334,476,13.333333333333334,13.791133333333335
990,335,183,34.2,34.184900000000006
991,336,337,28.666666666666668,30.995958333333334
992,337,1497,74.27272727272727,103.29450909090907
993,338,87,33.8,35.36668
994,339,31,70.125,99.3754375
995,339,32,121.33333333333333,167.3275866666667
996,339,322,15.0,13.4591
997,339,504,25.833333333333332,35.79634166666667
998,340,57,30.2,29.800159999999998
999,340,1342,14.0,14.6271
1000,340,1351,16.0,16.00146666666667
1001,341,92,105.14285714285714,148.662
1002,341,445,18.0,22.627933333333335
1003,341,805,19.0,17.576999999999998
1004,341,806,49.0,51.1261
1005,341,1117,24.75,32.2747875
1006,341,1118,71.0,82.39
1007,341,1119,87.0,101.91385
1008,341,1146,27.2,36.39424
1009,341,1215,50.0,52.231300000000005
1010,341,1535,51.25,52.48495
1011,342,384,13.357142857142858,11.367949999999999
1012,343,297,30.0,32.6483
1013,344,1498,33.083333333333336,31.006708333333336
1014,345,1419,46.0,41.4264
1015,347,104,16.9,20.55836
1016,348,817,31.0,43.943533333333335
1017,349,14,44.0,58.250800000000005
1018,350,1500,10.9,13.035929999999999
1019,351,342,15.0,13.3995
1020,351,384,19.428571428571427,17.782171428571427
1021,352,27,323.3333333333333,435.6405
1022,352,111,16.344827586206897,14.126086206896552
1023,353,1071,15.4,16.2525
1024,353,1156,25.2,23.23544
1025,353,1364,23.666666666666668,16.825933333333335
1026,353,1409,29.6,24.70868
1027,353,1422,43.0,35.105599999999995
1028,354,232,14.11111111111111,17.414555555555555
1029,355,61,32.0,45.026
1030,355,1330,18.833333333333332,25.233416666666667
1031,356,61,51.0,72.32
1032,356,651,30.0,42.0784
1033,357,61,61.0,87.43180000000001
1034,357,651,20.454545454545453,28.92640909090909
1035,358,1501,12.5,16.43555
1036,359,17,37.36363636363637,44.51178181818182
1037,360,109,22.22222222222222,24.444777777777777
1038,360,1596,19.0,12.0553
1039,361,362,20.214285714285715,28.2532
1040,362,363,17.818181818181817,25.41256363636364
1041,363,113,51.45454545454545,73.52818181818182
1042,364,1502,19.875,23.7028375
1043,365,59,53.0,60.48480000000001
1044,365,66,132.8181818181818,182.08663636363636
1045,365,109,297.625,419.61655
1046,365,366,30.285714285714285,35.256485714285716
1047,365,714,87.0,100.5016
1048,365,715,47.0,53.423766666666666
1049,365,1371,59.0,72.26033333333334
1050,365,1449,76.33333333333333,94.13260000000001
1051,366,59,41.625,43.958937500000005
1052,366,365,27.0,33.3582
1053,367,368,26.857142857142858,36.90430714285714
1054,368,113,84.14285714285714,119.00315
1055,369,83,54.90909090909091,77.89480909090909
1056,370,92,157.25,216.44955
1057,370,371,28.166666666666668,37.562216666666664
1058,370,601,92.16666666666667,95.71703333333333
1059,370,711,29.8,41.90068
1060,371,372,37.333333333333336,53.32990833333333
1061,372,373,69.22222222222223,81.57536666666667
1062,373,374,13.11111111111111,14.756444444444444
1063,373,690,36.0,40.9957
1064,374,370,21.2,24.3923
1065,374,690,21.0,24.007883333333336
1066,375,377,28.8,40.270799999999994
1067,375,907,44.0,53.6104
1068,375,1239,43.166666666666664,47.02173333333334
1069,376,157,20.8,29.2231
1070,377,375,30.4,41.8277
1071,377,1239,73.0,88.04469999999999
1072,378,379,15.166666666666666,16.121058333333334
1073,378,697,24.153846153846153,26.80596153846154
1074,379,176,47.07692307692308,57.35969230769231
1075,379,687,14.76923076923077,14.08193076923077
1076,380,57,27.142857142857142,24.804614285714287
1077,381,78,16.153846153846153,19.784769230769232
1078,382,57,211.0,277.2859
1079,382,383,34.714285714285715,38.137478571428574
1080,383,57,176.0,238.40900833333333
1081,384,342,16.083333333333332,11.525491666666667
1082,384,1503,45.07692307692308,45.09643846153846
1083,385,386,38.09090909090909,35.05210909090909
1084,386,387,57.22222222222222,55.65462222222223
1085,386,388,92.5,84.21385000000001
1086,387,388,39.18181818181818,41.41658181818182
1087,388,384,97.21428571428571,103.55224285714287
1088,389,26,11.7,12.58761
1089,390,391,22.0,20.92923
1090,391,392,16.916666666666668,16.015283333333333
1091,392,608,23.0,21.344458333333336
1092,393,27,324.6,456.95356000000004
1093,393,30,647.8571428571429,870.7637571428571
1094,393,190,29.0,39.4573
1095,393,394,40.0,53.153525
1096,393,1003,75.5,84.55284999999999
1097,394,723,32.0,44.9210375
1098,395,396,24.181818181818183,31.94766363636364
1099,395,397,36.0,36.7522
1100,396,397,43.09090909090909,51.22764545454545
1101,397,91,52.666666666666664,58.941599999999994
1102,397,762,48.55555555555556,54.5799
1103,398,55,168.11111111111111,172.19042222222222
1104,398,399,25.533333333333335,23.730886666666667
1105,398,507,64.0,63.5282
1106,398,1579,37.0,30.4345
1107,399,400,19.142857142857142,18.14277142857143
1108,400,401,26.636363636363637,28.817763636363637
1109,401,402,24.363636363636363,26.25428181818182
1110,402,398,39.642857142857146,41.88203571428572
1111,403,205,61.083333333333336,86.54714166666668
1112,404,405,76.6,108.21252
1113,405,222,132.2,176.40227
1114,406,18,54.22222222222222,74.75883333333334
1115,406,176,114.16666666666667,160.96878333333333
1116,407,176,34.416666666666664,44.28966666666667
1117,408,409,49.86666666666667,68.25634
1118,409,1505,31.625,43.6758375
1119,410,17,34.0,44.9726
1120,410,411,26.4,28.95496
1121,411,17,38.4,41.22124
1122,412,31,31.3,36.62993
1123,412,558,15.666666666666666,15.699866666666667
1124,413,4,22.925925925925927,15.347640740740742
1125,414,1355,45.2,57.86834
1126,416,57,390.42857142857144,510.44095000000004
1127,416,417,47.875,50.6216375
1128,416,479,80.92307692307692,85.52477692307691
1129,416,480,109.0,115.8
1130,416,494,75.25,76.724075
1131,416,501,313.0,353.0259
1132,417,501,264.375,302.0398375
1133,418,17,35.666666666666664,36.5978
1134,418,303,11.428571428571429,10.755642857142858
1135,418,721,29.9,38.23894
1136,418,1206,16.5,19.01395
1137,418,1415,11.0,12.687414285714285
1138,419,17,130.0,152.2191
1139,419,534,29.0,25.444845454545455
1140,419,954,50.75,34.4386
1141,420,17,67.83333333333333,73.34699166666667
1142,421,2,19.46153846153846,21.90002307692308
1143,422,423,87.6923076923077,103.34226153846154
1144,422,424,96.0,94.8697
1145,423,424,32.38461538461539,40.227561538461536
1146,424,451,53.57142857142857,58.092642857142856
1147,425,426,34.72727272727273,45.24316363636364
1148,426,427,35.90909090909091,39.73952727272728
1149,427,304,74.76923076923077,99.23166153846154
1150,428,109,166.0,185.6649
1151,428,586,62.0,68.3528
1152,428,716,90.5,98.4647
1153,428,756,46.666666666666664,64.34673333333332
1154,428,991,33.5,35.0553
1155,428,1021,61.8,85.61326
1156,428,1609,24.0,34.1481
1157,429,55,51.42857142857143,54.173942857142855
1158,430,92,21.347826086956523,21.699986956521737
1159,432,86,15.25,17.1527375
1160,433,1283,45.84615384615385,58.8876076923077
1161,433,1360,68.25,57.64745
1162,434,281,47.857142857142854,64.13293571428571
1163,435,31,54.166666666666664,61.06260833333334
1164,436,83,114.92857142857143,154.37997142857142
1165,436,109,254.5,315.6227333333333
1166,436,541,44.0,59.401
1167,436,846,44.76923076923077,60.018684615384615
1168,436,1045,52.8,53.08442
1169,436,1268,53.0,72.8774
1170,436,1365,29.0,38.4822
1171,437,896,25.333333333333332,32.64576666666667
1172,438,439,26.545454545454547,36.33871818181819
1173,439,440,59.333333333333336,72.07490833333334
1174,440,1506,60.1,66.12012
1175,441,266,44.7,39.03876
1176,442,178,20.4,19.14872
1177,442,384,25.714285714285715,23.4714
1178,443,30,65.29166666666667,74.66915
1179,444,30,53.73076923076923,57.829588461538464
1180,444,1580,11.0,10.6435
1181,445,258,35.3,40.944370000000006
1182,446,447,21.636363636363637,19.790872727272728
1183,447,341,71.25,77.07662499999999
1184,448,30,63.5,67.66761
1185,449,450,25.9,24.91067
1186,450,436,67.91666666666667,94.25854166666666
1187,451,4,183.375,205.0843875
1188,451,109,243.46153846153845,338.7682384615385
1189,451,452,32.0,35.8403
1190,451,588,40.76923076923077,54.66013076923077
1191,452,106,35.42857142857143,37.58795714285714
1192,452,453,60.0,79.4562
1193,453,454,65.0,71.2138875
1194,454,455,75.33333333333333,82.79358888888889
1195,455,451,85.11111111111111,98.75397777777778
1196,456,225,39.2,50.3949
1197,457,1451,42.0,57.36215
1198,458,99,77.16666666666667,99.45186666666666
1199,459,4,40.583333333333336,29.865691666666667
1200,459,5,32.705882352941174,29.453229411764706
1201,459,1529,18.11111111111111,13.75965925925926
1202,460,461,44.0,62.90496666666667
1203,460,1507,68.83333333333333,96.9446
1204,461,1507,23.0,32.21025
1205,462,209,30.375,28.540225
1206,463,300,85.28571428571429,83.89432857142857
1207,463,1440,85.0,69.31265
1208,464,465,85.0909090909091,56.39572727272727
1209,465,466,48.09090909090909,48.38464545454545
1210,466,215,164.0,118.0853
1211,466,465,52.0,51.088
1212,466,953,121.75,112.633325
1213,467,468,35.63636363636363,38.07222727272727
1214,468,469,23.0,30.60879090909091
1215,469,778,30.083333333333332,38.845683333333334
1216,470,1479,118.9090909090909,148.49415454545453
1217,471,472,18.0,18.57835
1218,472,92,76.0,99.4823
1219,473,300,102.92857142857143,105.82237142857142
1220,474,14,129.8,164.97300666666666
1221,475,26,20.4,19.187779999999997
1222,476,183,35.5,35.2176
1223,477,109,435.0,603.5103
1224,477,365,133.25,181.805725
1225,478,92,57.0,80.1623
1226,479,480,38.333333333333336,41.381166666666665
1227,479,481,94.0,101.2739
1228,480,481,93.08333333333333,102.663025
1229,481,171,67.71428571428571,77.06408571428571
1230,482,483,14.0,18.480755555555554
1231,483,484,46.6,53.928819999999995
1232,484,4,220.0,290.45340000000004
1233,484,501,47.25,67.53947500000001
1234,486,949,34.0,41.34095714285714
1235,488,489,61.416666666666664,59.517224999999996
1236,489,4,223.58333333333334,285.2656666666667
1237,489,910,16.181818181818183,17.89980909090909
1238,489,911,38.0,38.0694
1239,490,1508,36.8,38.48076
1240,490,1511,23.166666666666668,22.503983333333334
1241,491,27,91.1,115.7953
1242,492,600,13.5,15.687630000000002
1243,493,1509,24.0,16.7946
1244,494,766,39.333333333333336,52.681533333333334
1245,494,1034,45.625,47.453250000000004
1246,495,1311,21.2,23.21174
1247,496,1311,41.0,39.5339
1248,497,498,89.3076923076923,87.46369230769231
1249,498,31,263.5,371.6548
1250,498,499,39.18181818181818,38.24807272727273
1251,499,31,293.90909090909093,392.2356272727273
1252,500,821,33.5,46.32054
1253,501,4,250.0,334.084175
1254,501,482,29.5,38.8024
1255,501,505,26.333333333333332,24.34096666666667
1256,501,671,50.0,56.354
1257,501,993,17.125,24.6878
1258,501,1267,30.2,33.97524
1259,501,1292,18.5,19.896349999999998
1260,502,27,22.375,28.0364375
1261,503,87,244.11111111111111,335.96327222222226
1262,503,646,22.0,29.65575384615385
1263,503,1224,80.0,112.4945
1264,503,1233,21.0,29.318
1265,504,0,12.0,10.2572
1266,504,339,31.166666666666668,38.36476666666667
1267,504,556,14.333333333333334,19.50715
1268,505,1510,32.0,29.3602
1269,506,501,78.0,80.5539
1270,507,142,26.0,28.2589
1271,507,398,64.5,63.91008333333334
1272,508,509,48.5,57.163075
1273,509,490,55.25,52.1931625
1274,510,48,152.0,174.20129999999995
1275,510,49,196.33333333333334,235.81136666666666
1276,510,511,194.5,155.9741
1277,511,48,77.0,109.364175
1278,511,49,120.0,168.0361
1279,512,513,15.727272727272727,22.867536363636365
1280,513,1512,52.5,70.30251
1281,514,515,44.666666666666664,53.732933333333335
1282,515,433,68.33333333333333,83.59033333333333
1283,516,517,55.833333333333336,79.06303333333334
1284,516,1442,56.5,79.6487
1285,517,518,63.90909090909091,90.08633636363636
1286,518,528,236.25,300.7903875
1287,519,50,31.0,33.387800000000006
1288,519,1369,64.25,69.565575
1289,520,50,79.5,91.63227499999999
1290,521,522,56.57142857142857,54.618
1291,522,523,16.666666666666668,17.327244444444446
1292,523,524,24.11111111111111,21.0529
1293,524,55,80.0,91.8334
1294,524,289,43.666666666666664,43.126733333333334
1295,525,419,126.4,149.51004
1296,525,526,24.916666666666668,27.461983333333336
1297,526,527,38.416666666666664,33.18309166666666
1298,527,525,43.75,55.123850000000004
1299,528,27,573.6666666666666,798.3516333333333
1300,528,82,86.0,105.3824
1301,528,516,116.66666666666667,131.49626666666666
1302,528,979,58.0,67.71915
1303,528,1141,40.0,55.905750000000005
1304,529,530,59.5,72.33486666666667
1305,530,831,54.42857142857143,77.64608571428572
1306,531,1131,23.571428571428573,24.6327
1307,532,533,24.8,34.74635
1308,533,1514,19.23076923076923,27.393038461538463
1309,534,535,28.1,40.036289999999994
1310,535,536,15.571428571428571,21.0523
1311,536,537,29.285714285714285,41.8794
1312,537,538,16.6,21.96807
1313,538,525,16.8,23.77785
1314,539,109,36.52173913043478,45.112743478260874
1315,540,541,32.6,46.40768
1316,541,436,44.25,58.108925
1317,541,540,29.0,41.8469
1318,542,1495,37.45454545454545,44.140018181818185
1319,543,1481,17.727272727272727,21.50700909090909
1320,544,545,17.333333333333332,23.0793
1321,544,933,45.5,61.3831
1322,545,546,15.0,20.27855
1323,546,547,58.25,40.70545
1324,548,549,32.38461538461539,37.23856923076923
1325,549,550,46.42857142857143,51.34153571428572
1326,550,551,23.714285714285715,33.16173571428572
1327,551,1515,69.06666666666666,92.56662666666666
1328,552,553,42.666666666666664,43.2307
1329,553,1247,33.875,32.748937500000004
1330,554,264,21.133333333333333,26.251046666666664
1331,555,880,50.0,70.69439999999999
1332,555,1190,33.2,44.59636
1333,556,557,24.77777777777778,27.056822222222223
1334,557,504,25.22222222222222,26.71665555555556
1335,558,31,40.22222222222222,44.66823333333334
1336,559,560,36.27272727272727,39.93583636363636
1337,560,154,79.1,85.82909
1338,561,562,19.2,19.79996
1339,562,1462,20.333333333333332,20.820400000000003
1340,563,16,37.8,31.5216
1341,564,2,29.0,40.5514
1342,564,85,16.916666666666668,18.292016666666665
1343,565,4,214.7,288.96195
1344,565,827,45.0,62.0251
1345,566,16,26.833333333333332,21.946725
1346,567,205,76.0,107.153875
1347,569,31,23.0,27.034
1348,569,412,9.25,10.843675
1349,569,558,19.0,18.5494
1350,570,102,232.0,285.3218
1351,570,571,59.0,65.611
1352,570,633,39.714285714285715,43.79651428571429
1353,570,858,41.25,53.8085
1354,571,572,65.83333333333333,53.011316666666666
1355,572,1448,16.666666666666668,23.868266666666667
1356,573,574,41.2,49.96002
1357,573,859,132.0,139.545
1358,574,859,90.2,89.62154
1359,575,176,159.13333333333333,203.46679333333336
1360,575,702,40.63636363636363,54.28487272727273
1361,575,1181,28.0,29.9377
1362,575,1523,59.25,62.35745
1363,576,577,34.5,38.6746
1364,577,1517,62.0,65.73543333333333
1365,578,579,35.72727272727273,39.480390909090914
1366,579,726,68.23076923076923,54.94551538461538
1367,580,17,253.45454545454547,331.3486090909091
1368,580,529,19.5,21.0255
1369,580,530,80.0,93.528
1370,580,692,70.07142857142857,79.00840000000001
1371,580,693,42.0,54.0026
1372,581,582,68.33333333333333,80.71318333333333
1373,581,583,103.0,128.96460000000002
1374,582,583,33.285714285714285,47.19851428571428
1375,583,22,55.0,73.616575
1376,584,102,195.7,257.63343999999995
1377,585,586,74.5,63.3016
1378,586,428,62.333333333333336,69.08065
1379,586,756,45.5,22.036949999999997
1380,587,1054,39.333333333333336,54.048833333333334
1381,588,422,21.428571428571427,30.122449999999997
1382,589,590,23.5,33.5619
1383,590,591,25.571428571428573,36.54725714285714
1384,591,592,25.571428571428573,23.124657142857142
1385,592,593,20.857142857142858,24.6264
1386,593,594,69.25,86.30827500000001
1387,593,1518,91.33333333333333,110.32616666666667
1388,594,1518,22.0,24.039266666666666
1389,595,17,37.0,47.9816
1390,595,303,18.153846153846153,19.099892307692308
1391,596,921,39.875,47.5353875
1392,597,598,47.375,67.0595625
1393,598,1329,24.6,27.51596
1394,599,1184,80.0,108.83177500000001
1395,600,2,125.875,163.971675
1396,600,32,76.0,104.9843
1397,600,492,13.818181818181818,16.29378181818182
1398,600,1171,23.0,20.7979
1399,601,602,64.3,73.39143
1400,601,603,69.0,81.7059
1401,602,603,32.27272727272727,43.68482727272727
1402,603,604,16.384615384615383,23.630146153846155
1403,604,370,32.333333333333336,44.596583333333335
1404,604,690,32.0,44.2826
1405,605,606,32.666666666666664,26.77022222222222
1406,606,1520,38.44444444444444,54.57853333333334
1407,607,276,25.0,25.143825
1408,607,982,14.0,15.5632
1409,609,610,27.09090909090909,28.545245454545455
1410,610,611,94.45454545454545,78.26771818181818
1411,611,271,131.6153846153846,121.43143846153846
1412,612,176,36.22222222222222,43.23023333333333
1413,613,17,35.04545454545455,36.20486363636364
1414,614,615,13.5,17.772975000000002
1415,615,1522,37.09090909090909,52.08294545454546
1416,616,1010,36.125,51.8989875
1417,617,618,23.9,25.802549999999997
1418,618,1247,128.88888888888889,92.0312888888889
1419,618,1350,128.0,91.3592
1420,619,205,42.0,58.3432
1421,619,1136,22.375,28.355525
1422,620,621,12.75,19.050475000000002
1423,621,620,11.0,15.9321
1424,621,622,17.375,25.364375
1425,622,205,37.1,52.38727
1426,623,30,261.35714285714283,318.04615714285717
1427,623,1144,36.0,33.4945
1428,623,1197,67.0,61.6966
1429,623,1306,63.333333333333336,71.01128333333334
1430,623,1600,136.0,117.6841
1431,623,1617,63.0,81.44810000000001
1432,624,625,37.72727272727273,40.913245454545454
1433,625,626,29.416666666666668,31.901883333333334
1434,626,799,23.583333333333332,25.80456666666667
1435,627,1336,15.571428571428571,17.906299999999998
1436,628,629,65.0,70.80345
1437,629,1172,70.0,77.09475
1438,630,1116,40.25,44.874075000000005
1439,631,9,69.0909090909091,78.93262727272726
1440,632,102,130.0,147.5217
1441,632,570,103.75,136.7367375
1442,632,1362,51.5,71.01745
1443,633,584,18.875,23.178462500000002
1444,634,635,11.666666666666666,15.910644444444443
1445,635,1114,13.8,14.64995
1446,636,183,27.0,26.5995
1447,637,1168,19.818181818181817,26.112845454545457
1448,638,17,33.0,36.8879
1449,638,1301,28.5,30.655433333333335
1450,639,385,12.0,17.390974999999997
1451,640,26,12.875,14.04481875
1452,641,30,136.33333333333334,171.55184999999997
1453,641,102,132.66666666666666,172.99436666666668
1454,641,642,150.2,179.22574
1455,641,1236,164.75,167.9219
1456,641,1314,35.0,41.58748333333333
1457,641,1315,63.0,78.5245
1458,641,1475,118.5,127.4623
1459,642,177,50.166666666666664,62.78301666666667
1460,642,660,54.0,56.9831
1461,642,1038,30.5,33.21205
1462,643,2,31.5,43.03295000000001
1463,643,85,17.2,18.72654
1464,644,645,8.8,13.00095
1465,644,1460,26.0,26.7197
1466,645,644,10.0,14.0458
1467,645,1460,36.25,40.62625
1468,646,647,32.0,45.83255
1469,646,1164,18.0,25.9829
1470,647,503,30.0,43.217
1471,647,1164,13.3,19.7549
1472,648,1445,25.2,26.913420000000002
1473,649,183,75.27272727272727,80.46293636363636
1474,650,295,44.75,61.9807
1475,651,61,83.27272727272727,118.03812727272727
1476,651,355,52.0,74.12110000000001
1477,651,356,35.0,49.0642
1478,652,653,28.0,28.752113333333334
1479,653,654,20.0,28.350593333333332
1480,654,1524,35.0,40.18499285714286
1481,655,14,72.71428571428571,89.92247142857143
1482,656,1481,27.0,32.13894444444444
1483,657,852,49.857142857142854,41.453385714285716
1484,658,3,16.916666666666668,18.734275
1485,659,222,91.0,100.1564
1486,659,1102,55.888888888888886,51.440666666666665
1487,659,1265,43.0,47.1756
1488,660,661,38.5,41.47385
1489,660,1039,70.0,76.45384999999999
1490,661,1039,31.0,33.641525
1491,662,663,34.4,48.54631333333334
1492,663,664,42.46666666666667,40.70682
1493,664,665,49.0,57.43351333333333
1494,665,109,128.53333333333333,147.3355
1495,666,667,33.5,36.294266666666665
1496,667,666,34.0,36.8306
1497,667,1526,33.6,34.37614
1498,668,669,30.454545454545453,40.79902727272727
1499,669,670,47.07692307692308,63.167338461538456
1500,670,668,66.75,93.8145
1501,671,672,30.333333333333332,39.74113333333333
1502,672,673,36.5,49.2323
1503,673,501,111.0,137.9959
1504,673,674,37.5,40.669624999999996
1505,674,673,31.0,34.0561
1506,674,675,20.0,21.346899999999998
1507,674,676,51.0,54.840133333333334
1508,675,676,32.333333333333336,34.57678333333333
1509,676,416,113.11111111111111,120.04972222222221
1510,676,674,56.0,59.4354
1511,677,678,28.0,30.649240000000002
1512,678,679,57.6,62.04756
1513,679,86,73.6,87.76594
1514,679,678,57.0,61.3575
1515,680,92,137.0,189.5807142857143
1516,681,682,21.0,30.19322857142857
1517,682,683,56.42857142857143,62.49647142857143
1518,683,684,25.0,26.724442857142858
1519,684,320,49.333333333333336,48.800250000000005
1520,685,92,18.0,22.1436375
1521,686,234,78.33333333333333,93.82936666666667
1522,686,885,67.28571428571429,93.76602857142858
1523,686,886,111.0,157.0599
1524,686,1157,23.0,33.116699999999994
1525,686,1246,108.0,148.8342
1526,686,1282,58.125,80.46770000000001
1527,686,1304,79.0,94.0187
1528,686,1454,8.0,11.25275
1529,687,176,41.285714285714285,35.826214285714286
1530,688,1284,19.0,24.27893333333333
1531,689,1527,20.666666666666668,22.41756666666667
1532,690,92,157.0,216.08654285714286
1533,690,371,28.571428571428573,38.16215714285715
1534,690,601,91.0,94.66563333333333
1535,690,602,80.0,109.6979
1536,690,711,28.142857142857142,39.739700000000006
1537,690,1170,60.0,83.81660000000001
1538,691,339,34.0,34.9421
1539,692,693,44.75,48.259833333333326
1540,693,926,41.666666666666664,55.67738333333333
1541,694,695,40.61538461538461,38.261746153846154
1542,694,899,21.6,29.74126
1543,694,1400,35.5,49.3209
1544,695,696,33.833333333333336,48.34408333333334
1545,696,1043,57.888888888888886,39.42721111111111
1546,697,698,33.416666666666664,39.70356666666667
1547,698,176,104.6923076923077,117.95615384615385
1548,699,700,11.714285714285714,13.892942857142858
1549,700,55,17.5,21.66835
1550,700,701,21.0,19.988925
1551,701,55,39.333333333333336,42.493950000000005
1552,702,916,38.23076923076923,42.964646153846154
1553,703,575,74.27272727272727,82.61766363636364
1554,705,706,11.833333333333334,17.1275
1555,706,776,38.81818181818182,55.186972727272725
1556,707,1528,33.69230769230769,41.038215384615384
1557,708,242,19.142857142857142,26.53024285714286
1558,709,710,45.22222222222222,58.52865555555556
1559,710,176,100.375,106.91341249999999
1560,711,712,20.0,28.161533333333335
1561,712,1398,29.75,27.801025
1562,713,109,78.44444444444444,108.91884444444445
1563,714,715,39.0,46.65913333333333
1564,714,1449,14.5,21.0756
1565,715,365,46.6,53.46034000000001
1566,715,714,39.5,47.1936
1567,716,109,102.92307692307692,137.71845384615384
1568,716,428,89.0,97.1468
1569,716,717,60.6,79.68282
1570,717,718,27.642857142857142,32.294021428571426
1571,718,719,26.6,29.188053333333336
1572,719,720,36.857142857142854,40.479949999999995
1573,720,1002,36.142857142857146,39.76538571428572
1574,721,722,34.90909090909091,37.575581818181824
1575,722,418,58.72727272727273,75.53142727272727
1576,723,724,17.4,20.46022
1577,724,393,41.2,44.99548
1578,725,459,15.428571428571429,14.768910714285713
1579,726,26,173.5,213.93805
1580,726,1191,69.0,66.40956666666666
1581,727,282,58.0,68.88189999999999
1582,728,19,64.21428571428571,86.07023571428572
1583,729,189,21.25,19.3633125
1584,730,19,10.846153846153847,13.615984615384615
1585,731,4,182.0,226.7142
1586,731,17,82.52941176470588,105.87666470588235
1587,731,327,22.125,23.8151875
1588,731,732,32.4,40.34809
1589,731,949,47.0,50.44336666666667
1590,732,768,19.88888888888889,23.247255555555554
1591,733,731,54.666666666666664,63.976755555555556
1592,734,83,18.333333333333332,24.925277777777776
1593,734,84,39.0,34.3921
1594,735,129,66.0,71.926675
1595,735,662,42.92857142857143,60.26706428571429
1596,735,736,37.90909090909091,47.660790909090906
1597,735,842,72.55555555555556,92.03704444444445
1598,735,844,38.5,41.612075000000004
1599,736,128,24.363636363636363,25.385654545454546
1600,736,735,38.0,47.82096666666666
1601,737,18,20.2,28.630900000000004
1602,739,57,29.523809523809526,28.279085714285717
1603,740,57,117.5,126.35605
1604,740,1470,43.0,35.58268571428572
1605,741,57,75.28571428571429,80.00297142857143
1606,742,743,80.25,82.32220000000001
1607,743,27,111.0,125.8726
1608,744,1115,18.0,15.547
1609,745,85,12.0,11.184
1610,745,263,13.5,15.26727
1611,746,1549,50.3,53.59801
1612,747,748,7.5,9.573516666666666
1613,748,747,9.555555555555555,10.999555555555554
1614,749,750,40.7,49.0905
1615,750,176,15.454545454545455,19.369163636363638
1616,751,323,45.0,62.6445
1617,751,752,30.454545454545453,27.876290909090912
1618,751,848,26.714285714285715,29.245257142857145
1619,752,753,39.4,45.24566
1620,753,751,22.4,30.51618
1621,754,755,35.93333333333333,49.08656666666666
1622,755,113,96.14285714285714,136.13364285714286
1623,756,428,46.0,63.73075
1624,756,585,28.5,38.474875000000004
1625,757,243,20.142857142857142,23.561114285714286
1626,758,341,50.0,68.93674999999999
1627,759,92,146.27272727272728,207.30038181818182
1628,760,761,18.166666666666668,25.874283333333334
1629,761,2,31.555555555555557,43.2301
1630,762,310,91.0,102.9923
1631,762,395,57.44444444444444,66.05137777777777
1632,762,1051,45.833333333333336,55.209833333333336
1633,763,764,59.0,75.0849
1634,764,765,14.5,20.7331
1635,765,1531,95.33333333333333,122.76639999999999
1636,766,57,291.7142857142857,357.5185714285714
1637,767,642,100.4,110.51572000000002
1638,768,733,24.0,25.0980125
1639,769,113,95.92307692307692,130.78890769230767
1640,769,1532,26.25,32.246375
1641,770,86,11.076923076923077,12.507507692307692
1642,771,772,25.444444444444443,34.378677777777774
1643,772,773,30.818181818181817,43.41262727272727
1644,773,300,122.0,121.4712
1645,773,774,99.2,59.63679
1646,774,775,73.25,37.189075
1647,775,300,80.0,70.42665
1648,776,777,22.77777777777778,32.1764
1649,777,707,20.77777777777778,24.47071111111111
1650,778,468,52.0,68.77189999999999
1651,778,470,17.333333333333332,24.25271111111111
1652,779,66,84.53333333333333,115.14051333333333
1653,779,951,30.928571428571427,35.657135714285715
1654,779,1187,18.923076923076923,26.80389230769231
1655,779,1188,41.0,57.6639
1656,780,1438,13.208333333333334,16.13790416666667
1657,781,782,23.727272727272727,22.65408181818182
1658,782,783,27.4,25.678949999999997
1659,783,784,31.636363636363637,31.266709090909092
1660,784,785,46.888888888888886,49.82486666666667
1661,785,1533,33.55555555555556,36.397111111111116
1662,786,227,163.75,197.66985
1663,787,788,94.0909090909091,63.0080090909091
1664,788,789,42.27272727272727,28.456236363636364
1665,789,787,139.6,93.23179999999999
1666,790,984,23.0,26.89402857142857
1667,790,988,50.0,52.2919
1668,790,1534,32.666666666666664,40.9561
1669,791,792,39.5,43.76575
1670,792,793,66.66666666666667,73.53161666666666
1671,793,790,52.333333333333336,57.21666666666667
1672,794,109,30.375,36.2193875
1673,795,30,78.0,80.11002857142857
1674,796,104,15.333333333333334,19.041433333333334
1675,797,798,12.0,17.1324
1676,798,1385,30.714285714285715,44.04117142857143
1677,799,183,28.3,33.221845
1678,799,624,20.0,21.86923333333333
1679,799,871,16.428571428571427,18.343185714285713
1680,800,801,27.1,29.321679999999997
1681,800,803,37.5,41.058350000000004
1682,801,802,8.9,12.59461
1683,802,800,37.5,43.30645
1684,802,803,24.375,33.2563
1685,803,872,78.83333333333333,110.07756666666667
1686,804,16,57.27272727272727,74.93038181818181
1687,805,341,17.0,20.1729
1688,805,1535,28.333333333333332,32.06616666666667
1689,806,919,21.142857142857142,30.5044
1690,807,1135,32.0,43.24886363636364
1691,808,809,24.6,33.540980000000005
1692,808,810,62.333333333333336,84.7752
1693,809,810,37.57142857142857,51.368857142857145
1694,810,811,154.0,213.71685
1695,810,930,57.0,61.747800000000005
1696,810,1048,36.81818181818182,36.34574545454546
1697,810,1062,95.0,109.61735
1698,810,1076,92.0,91.60605000000001
1699,810,1461,154.14285714285714,214.13727142857144
1700,811,944,44.666666666666664,60.317366666666665
1701,811,945,84.0,115.4409
1702,812,813,24.75,34.2809
1703,813,21,171.33333333333334,217.03486666666666
1704,814,815,114.0,157.3595
1705,814,816,119.0,165.5648
1706,814,1258,162.75,224.058825
1707,814,1604,43.0,42.6292
1708,815,1070,50.0,70.20625
1709,816,814,119.2,166.58024
1710,816,815,42.0,53.2173
1711,817,21,60.0,79.6318
1712,817,938,22.333333333333332,28.966533333333334
1713,818,819,31.25,38.503524999999996
1714,819,66,37.25,39.903425
1715,820,238,44.0,49.184733333333334
1716,821,216,62.8,88.07140000000001
1717,821,500,34.0,46.3498
1718,822,913,21.0,25.0859
1719,822,1085,55.0,78.34563333333334
1720,822,1219,41.0,57.9928
1721,823,824,35.125,41.8962625
1722,823,825,34.0,41.9115
1723,824,825,46.285714285714285,51.088385714285714
1724,825,694,40.333333333333336,48.99594444444445
1725,826,109,22.0,25.61286
1726,827,828,20.0,27.2213
1727,828,565,65.0,68.85130000000001
1728,829,113,10.0,14.592749999999999
1729,829,830,43.0,45.4958
1730,830,113,17.571428571428573,25.393042857142856
1731,830,829,26.0,37.3762
1732,831,1316,50.23076923076923,60.058969230769236
1733,832,833,40.166666666666664,43.50644166666667
1734,832,1536,62.0,74.7621
1735,833,1536,22.416666666666668,31.90950833333333
1736,834,835,27.714285714285715,38.11264285714286
1737,834,836,58.6,83.0307
1738,835,836,33.57142857142857,47.62898571428572
1739,836,837,34.27272727272727,48.76606363636363
1740,837,109,115.6,155.88809999999998
1741,838,839,10.117647058823529,12.536158823529412
1742,839,39,14.875,17.5507375
1743,839,838,9.857142857142858,11.380885714285714
1744,840,109,87.21428571428571,116.40316428571428
1745,841,1294,15.173913043478262,17.370960869565216
1746,842,735,72.5,92.429475
1747,842,843,47.22222222222222,48.206611111111116
1748,843,842,47.333333333333336,48.4708
1749,843,844,96.55555555555556,104.6553111111111
1750,844,735,37.55555555555556,40.862011111111116
1751,844,843,96.66666666666667,105.17433333333334
1752,845,863,49.2,70.29198
1753,845,1537,94.75,135.04155
1754,846,1268,25.615384615384617,36.82305384615385
1755,847,1539,20.0,20.404225
1756,847,1576,13.0,19.077
1757,848,323,44.142857142857146,53.8892
1758,849,850,61.166666666666664,84.812375
1759,850,851,39.77777777777778,54.75417777777778
1760,851,27,121.875,167.7694875
1761,852,1150,36.75,50.3318
1762,853,854,34.0,38.210907142857145
1763,854,855,25.714285714285715,28.582507142857143
1764,855,109,49.07692307692308,66.82864615384617
1765,856,119,40.0,56.6041
1766,856,120,35.0,49.3457
1767,856,121,21.0,21.6243
1768,857,746,34.4,43.924009999999996
1769,858,571,33.0,29.323075
1770,859,570,54.0,51.36688
1771,860,861,35.5,38.9906
1772,861,581,23.333333333333332,24.597399999999997
1773,862,320,11.0,14.488345454545454
1774,863,1537,45.81818181818182,65.2197
1775,864,754,30.727272727272727,41.696436363636366
1776,865,866,17.0,24.1862
1777,866,867,37.8,41.25784
1778,867,868,18.0,24.58964
1779,868,865,68.0,94.15675714285715
1780,869,168,32.54545454545455,46.86304545454546
1781,869,1065,37.8,41.85736
1782,870,152,50.5,55.7285
1783,871,624,24.857142857142858,29.381857142857143
1784,872,2,96.57142857142857,135.69410714285715
1785,872,801,75.5,97.58670000000001
1786,872,1220,36.125,40.0758375
1787,873,57,13.944444444444445,12.280761111111111
1788,874,528,21.666666666666668,29.7581
1789,875,876,31.363636363636363,42.036063636363636
1790,875,882,26.5,25.615683333333333
1791,876,875,31.25,41.5709
1792,877,898,44.75,62.329750000000004
1793,878,238,76.5,105.34065
1794,879,1064,27.727272727272727,37.847145454545455
1795,880,555,47.666666666666664,67.5911888888889
1796,881,875,24.666666666666668,27.26255
1797,882,288,60.0,79.494
1798,883,884,72.5,72.36625
1799,884,1031,43.69230769230769,44.11713846153847
1800,885,886,47.0,65.41799999999999
1801,885,887,98.2,137.43604
1802,886,887,52.0,73.28705000000001
1803,886,888,104.66666666666667,125.15136666666668
1804,887,886,50.666666666666664,72.13275
1805,887,888,155.5,197.0908
1806,888,686,73.0,103.86052
1807,889,657,32.888888888888886,22.700322222222223
1808,890,232,65.5,93.20275000000001
1809,890,891,32.5,34.35295
1810,891,232,83.42857142857143,107.04672857142857
1811,892,216,82.88888888888889,103.11938888888888
1812,893,171,81.0,101.0026
1813,894,30,136.8,171.80154
1814,894,642,149.66666666666666,179.07150000000001
1815,894,1236,166.5,169.06279999999998
1816,894,1314,34.666666666666664,41.69753333333333
1817,894,1475,119.0,127.9463
1818,895,894,109.0,152.1319
1819,896,176,298.0,376.721
1820,896,188,32.0,36.5628
1821,896,437,23.666666666666668,32.30736666666667
1822,897,2,23.9375,27.99783125
1823,897,85,15.25,20.134975
1824,898,227,101.0,139.4989
1825,899,713,18.0,26.05843333333333
1826,900,4,36.0,28.7895
1827,901,1543,55.27272727272727,53.392890909090916
1828,901,1554,38.81818181818182,40.02036363636363
1829,902,903,81.4,105.92148
1830,902,937,33.0,43.186033333333334
1831,902,1155,34.5,46.0454
1832,902,1242,103.42857142857143,143.79935714285713
1833,902,1408,56.0,77.0469
1834,903,904,21.0,26.237033333333333
1835,904,269,161.0,195.80138
1836,905,1310,28.0,39.15435
1837,906,1403,42.0,59.9294
1838,907,908,133.85714285714286,137.59207142857142
1839,907,909,171.0,167.2466
1840,908,909,36.857142857142854,29.81575714285714
1841,909,31,143.44444444444446,128.00706666666667
1842,910,911,31.25,31.126712500000004
1843,911,489,37.5,36.45783333333333
1844,912,93,21.0,30.4959
1845,912,1237,6.0,9.6907
1846,913,914,12.5,15.70685
1847,914,822,30.0,36.537
1848,914,1544,63.0,67.4706
1849,915,428,58.7,65.28377
1850,916,703,27.0,28.465459999999997
1851,917,605,48.625,57.9246375
1852,918,632,29.0,39.7416
1853,919,341,71.83333333333333,87.02498333333334
1854,920,1545,19.75,16.4025125
1855,921,922,90.75,91.0220375
1856,922,50,104.57142857142857,102.08688571428571
1857,923,924,16.75,17.537891666666667
1858,924,106,64.36363636363636,65.81018181818182
1859,925,1444,19.0,19.4711
1860,926,580,67.25,87.340075
1861,927,30,58.46666666666667,63.10224666666667
1862,928,66,213.0,293.792
1863,928,1590,32.5,46.8806
1864,929,30,58.0,55.6689
1865,930,1076,43.0,33.366800000000005
1866,931,932,39.0,43.7389
1867,932,1546,49.0,50.2197
1868,932,1558,36.5,36.510850000000005
1869,933,1348,45.0,53.0176
1870,933,1392,21.5,27.00485
1871,934,544,43.0,60.4141
1872,935,109,361.85714285714283,496.15996428571424
1873,936,58,64.0,88.20819999999999
1874,937,903,91.0,124.0555
1875,937,1155,45.0,64.4999
1876,938,21,35.0,48.00718571428571
1877,939,1502,22.272727272727273,22.38000909090909
1878,940,1547,27.2,32.69706
1879,941,9,35.57142857142857,42.63097142857142
1880,942,288,13.666666666666666,14.344500000000002
1881,943,528,11.75,13.390925
1882,944,945,36.666666666666664,52.54506666666666
1883,945,812,84.25,98.31784999999999
1884,945,1397,39.0,43.049800000000005
1885,946,1332,30.5,42.914175
1886,947,449,17.333333333333332,18.440533333333335
1887,947,450,44.25,43.90105
1888,948,58,51.666666666666664,73.43220000000001
1889,948,1357,53.0,57.133700000000005
1890,949,4,167.33333333333334,195.61035
1891,949,486,37.285714285714285,46.17157142857143
1892,950,2,67.88888888888889,85.44302222222223
1893,951,1261,43.07142857142857,48.77485714285714
1894,952,1022,23.23076923076923,25.701276923076925
1895,953,215,215.0,233.78155999999998
1896,954,420,39.0,52.758025
1897,955,281,136.6,173.23919999999998
1898,955,956,31.714285714285715,33.672828571428575
1899,956,957,28.166666666666668,31.0594
1900,957,955,56.8,61.748180000000005
1901,958,1015,15.0,19.553350000000002
1902,959,960,47.0,66.3479
1903,960,961,32.54545454545455,43.24402727272727
1904,961,1423,88.8,101.50496000000001
1905,962,87,159.55555555555554,207.57556666666667
1906,963,1495,33.05555555555556,37.13016666666667
1907,964,857,64.0,77.6375
1908,964,1424,47.666666666666664,55.26493333333334
1909,965,1041,22.5,31.796799999999998
1910,966,967,24.25,34.162475
1911,967,968,22.5,32.15485
1912,968,969,40.5,41.06251666666667
1913,969,632,49.833333333333336,68.11038333333333
1914,970,14,44.111111111111114,39.1473
1915,970,1407,45.0,42.8551
1916,971,894,45.5,56.3482
1917,971,1278,28.666666666666668,36.58893333333334
1918,972,973,77.23076923076923,97.28652307692307
1919,973,974,28.307692307692307,32.299861538461535
1920,974,975,23.083333333333332,32.46366666666667
1921,975,86,89.0,123.2768
1922,975,1047,30.333333333333332,43.3572
1923,976,565,128.0,137.2396
1924,976,977,71.88888888888889,76.52493333333332
1925,977,4,298.0,371.1157
1926,977,565,87.71428571428571,84.84351428571429
1927,978,93,51.5,69.20005
1928,979,82,36.0,50.3503
1929,979,516,59.0,65.2192
1930,979,517,115.33333333333333,145.12673333333333
1931,980,981,49.125,54.017525
1932,981,1550,45.0,64.30765
1933,982,276,41.0,41.879
1934,983,1404,24.833333333333332,32.467016666666666
1935,983,1428,55.0,77.8815
1936,984,985,24.0,34.417833333333334
1937,985,986,30.857142857142858,33.84811428571429
1938,986,987,45.42857142857143,40.87961428571429
1939,987,988,50.285714285714285,39.31804285714286
1940,988,989,31.0,32.954257142857145
1941,989,790,28.875,37.386525
1942,990,991,33.6,34.49276
1943,991,965,61.6,59.618100000000005
1944,991,1041,42.0,38.234300000000005
1945,992,1551,15.636363636363637,22.83269090909091
1946,993,484,28.0,40.8913
1947,993,994,18.4,26.136379999999996
1948,994,995,31.5,34.0759
1949,995,996,35.714285714285715,33.789342857142856
1950,996,4,214.83333333333334,275.12643333333335
1951,997,998,29.0,41.6241
1952,999,1000,35.0,49.1202
1953,1000,997,79.0,88.3726
1954,1001,26,126.0,177.7757
1955,1001,764,58.0,82.2171
1956,1002,716,62.4,85.49312
1957,1003,1004,13.3,18.42458
1958,1003,1005,50.0,70.8523
1959,1004,1005,37.333333333333336,52.20413333333334
1960,1005,393,71.85714285714286,87.24661428571429
1961,1006,176,95.0,101.7296
1962,1006,236,33.0,43.25705000000001
1963,1006,1331,27.4,36.80204
1964,1007,308,18.0,18.664625
1965,1007,1319,17.5,19.788800000000002
1966,1007,1552,43.9,50.700450000000004
1967,1008,1007,40.888888888888886,51.55934444444444
1968,1009,176,34.0,44.446
1969,1010,204,63.75,83.48585
1970,1011,4,117.0,114.65495
1971,1011,1106,52.0,55.58635
1972,1012,863,51.0,72.029
1973,1013,1134,22.2,31.871199999999998
1974,1013,1234,17.666666666666668,23.756333333333334
1975,1015,1016,50.75,68.637775
1976,1016,1017,48.375,68.3732375
1977,1017,1018,29.333333333333332,41.461600000000004
1978,1018,960,47.75,67.767525
1979,1019,311,54.0,50.26325
1980,1019,1370,42.0,44.9652
1981,1020,1021,61.0,59.8443
1982,1020,1256,30.0,25.6401
1983,1021,428,61.8,85.63904
1984,1021,1391,19.0,21.5952
1985,1022,779,81.0,88.7522
1986,1022,1023,42.54545454545455,46.50501818181818
1987,1023,779,37.18181818181818,41.341581818181815
1988,1024,1025,57.0,60.0418
1989,1025,1001,130.0,150.7004
1990,1026,1221,44.666666666666664,36.1608
1991,1027,1028,24.8,28.13216
1992,1028,10,27.6,38.43558
1993,1029,18,58.0,55.3215
1994,1029,1030,28.6,26.638959999999997
1995,1030,18,31.142857142857142,30.432435714285713
1996,1031,1032,48.916666666666664,60.388491666666674
1997,1032,1033,48.916666666666664,48.20705833333333
1998,1033,1257,28.833333333333332,31.663175
1999,1034,494,45.0,46.8466
2000,1035,179,15.5,14.4774
2001,1036,1325,30.0,39.0861
2002,1037,31,11.6,15.077433333333333
2003,1038,660,24.0,24.85255
2004,1039,767,48.0,51.62835
2005,1040,543,20.166666666666668,25.09181666666667
2006,1041,1042,20.666666666666668,29.006733333333333
2007,1043,1044,108.5,130.2768875
2008,1044,694,24.11111111111111,34.03185555555555
2009,1045,947,22.0,22.719250000000002
2010,1046,972,22.6,30.98162
2011,1047,86,57.0,79.3395
2012,1048,1062,73.875,83.137925
2013,1050,810,107.0,133.25195000000002
2014,1051,309,33.0,33.638325
2015,1052,1053,90.0,116.93802000000001
2016,1053,227,48.285714285714285,54.20377142857143
2017,1054,1055,32.125,44.897825
2018,1055,1477,28.444444444444443,41.18065555555555
2019,1056,1057,30.875,24.819775
2020,1057,1555,47.1,38.08391
2021,1058,1059,26.454545454545453,28.147899999999996
2022,1059,4,89.5,83.88813
2023,1060,159,9.857142857142858,12.600385714285713
2024,1061,32,16.0,17.769299999999998
2025,1062,1049,28.0,39.53035
2026,1063,507,36.0,32.6822
2027,1064,222,71.0,80.2581
2028,1064,1026,20.666666666666668,19.414816666666667
2029,1065,1066,45.714285714285715,46.55942857142857
2030,1066,1067,71.42857142857143,52.95557142857143
2031,1067,1068,124.625,106.3279375
2032,1068,1069,47.142857142857146,45.236157142857145
2033,1069,1031,51.714285714285715,55.06485714285714
2034,1070,815,49.0,68.1101
2035,1071,353,12.666666666666666,14.249966666666667
2036,1072,370,65.8,59.057500000000005
2037,1072,690,65.0,57.964639999999996
2038,1073,102,36.0,35.39905
2039,1076,1620,47.0,40.769400000000005
2040,1077,1078,82.0,109.28590000000001
2041,1078,436,113.9,155.17406
2042,1079,840,37.0,51.40360714285714
2043,1080,1559,21.5,17.8043
2044,1081,1082,21.875,31.0274875
2045,1082,1217,24.75,28.846075
2046,1083,33,111.0,156.47979999999998
2047,1084,69,87.73333333333333,120.47178666666667
2048,1085,1086,42.0,59.8164
2049,1085,1390,29.333333333333332,41.833666666666666
2050,1086,1087,13.0,18.889699999999998
2051,1087,1471,16.25,23.246274999999997
2052,1088,1089,16.0,17.9145
2053,1089,1090,41.083333333333336,42.589016666666666
2054,1090,1276,35.333333333333336,28.625775
2055,1091,320,54.0,74.53089999999999
2056,1091,1271,48.2,66.83856
2057,1092,14,76.0,95.79400000000001
2058,1092,349,29.5,34.0724
2059,1092,1180,34.0,38.0852
2060,1094,30,63.42857142857143,67.38301428571428
2061,1094,1095,16.0,13.480725
2062,1094,1439,14.666666666666666,12.0205
2063,1094,1591,13.0,11.743766666666668
2064,1094,1621,13.0,11.4111
2065,1095,1094,15.0,13.1132
2066,1096,623,292.42857142857144,247.5637142857143
2067,1096,1099,39.5,32.590975
2068,1098,102,179.0,233.13049999999998
2069,1099,1100,39.0,42.71
2070,1100,1096,80.41666666666667,76.71654166666667
2071,1101,17,37.166666666666664,47.76626666666667
2072,1101,1601,38.0,48.5266
2073,1102,222,45.0,59.5891
2074,1102,223,39.5,45.3033
2075,1102,659,56.0,51.77565
2076,1103,124,13.5,10.682324999999999
2077,1104,87,37.0,29.85165
2078,1105,1106,25.8,28.05092
2079,1106,4,154.6,151.08894
2080,1106,1011,49.75,52.994825
2081,1107,771,34.285714285714285,37.63404285714286
2082,1108,2,280.0,395.4855
2083,1108,117,79.71428571428571,112.53771428571429
2084,1109,159,11.833333333333334,14.378300000000001
2085,1110,955,63.0,89.38239999999999
2086,1111,1112,72.77777777777777,64.33735555555556
2087,1112,1113,68.3,45.71972
2088,1113,1248,171.6153846153846,124.00441538461538
2089,1114,109,36.0,45.1034
2090,1114,1211,17.0,15.9111
2091,1115,30,66.66666666666667,67.99261666666666
2092,1115,744,16.0,12.8317
2093,1116,631,25.625,28.227574999999998
2094,1117,1118,52.0,45.202755555555555
2095,1118,1119,44.833333333333336,30.665608333333335
2096,1119,329,49.5,34.6054
2097,1119,1262,21.285714285714285,30.635385714285714
2098,1120,686,234.5,323.05355
2099,1121,1387,52.333333333333336,74.57085000000001
2100,1122,2,30.0,33.118
2101,1123,288,16.333333333333332,17.16143333333333
2102,1124,1562,110.8,131.66508
2103,1125,1126,44.5,45.5921
2104,1126,300,81.0,111.7625
2105,1126,1159,32.25,43.0209
2106,1127,1128,14.6,21.698500000000003
2107,1128,216,42.0,59.6186
2108,1128,1129,35.666666666666664,49.10196666666667
2109,1129,1130,93.2,130.54714
2110,1130,216,114.0,152.7519
2111,1130,1425,43.0,62.2986
2112,1131,46,29.555555555555557,27.333144444444443
2113,1132,93,7.25,10.656675
2114,1133,1193,41.0,37.41235
2115,1134,87,30.666666666666668,31.842533333333336
2116,1135,266,43.8,61.00828
2117,1136,619,24.0,29.4564
2118,1136,620,47.0,56.5716
2119,1137,1563,16.666666666666668,22.47853333333333
2120,1138,278,45.8,42.09982
2121,1138,280,132.0,110.6122
2122,1139,176,58.0,76.0523
2123,1139,321,23.75,26.5009
2124,1140,404,25.166666666666668,35.94733333333333
2125,1141,1142,97.625,81.1179125
2126,1142,1143,86.57142857142857,89.18291428571429
2127,1143,528,196.71428571428572,279.2215428571429
2128,1145,623,54.714285714285715,76.24605714285714
2129,1146,759,17.833333333333332,23.349016666666667
2130,1147,218,31.5,45.3672
2131,1148,50,88.25,106.38374999999999
2132,1149,30,164.57142857142858,222.14432857142856
2133,1150,183,110.5,138.74235000000002
2134,1151,1152,26.333333333333332,30.843266666666665
2135,1152,1153,25.666666666666668,28.2235
2136,1153,1154,27.333333333333332,29.86706666666667
2137,1155,903,52.0,72.82249999999999
2138,1156,353,28.0,24.8093
2139,1157,1282,34.0,46.524249999999995
2140,1158,1349,60.5,70.59332500000001
2141,1159,300,101.5,143.2278
2142,1160,75,34.333333333333336,46.8941
2143,1161,201,36.2,37.92479
2144,1162,190,20.2,29.060700000000004
2145,1163,983,44.0,51.8026
2146,1163,1404,62.5,60.16355
2147,1163,1583,35.333333333333336,40.515633333333334
2148,1164,503,15.88888888888889,23.226122222222223
2149,1164,647,13.0,19.7019
2150,1165,171,109.5,125.55845
2151,1165,1334,89.0,95.9118
2152,1166,124,14.0,10.9884
2153,1167,637,16.5,21.46695
2154,1167,1168,29.0,41.5967
2155,1168,19,19.857142857142858,27.825771428571432
2156,1169,232,11.666666666666666,15.0584
2157,1170,92,180.0,253.411
2158,1170,1428,36.0,51.1885
2159,1171,600,14.0,16.0104
2160,1172,1173,26.0,34.3051
2161,1174,1566,80.5,103.9418
2162,1175,102,23.5,26.537300000000002
2163,1176,27,16.333333333333332,16.665033333333337
2164,1177,1178,76.8,102.24474000000001
2165,1178,623,208.0,223.2655
2166,1178,1179,68.0,63.0899
2167,1179,623,206.0,227.20049999999998
2168,1179,902,186.42857142857142,242.24850714285714
2169,1180,14,48.666666666666664,64.1818
2170,1180,1092,35.25,40.11945
2171,1182,567,24.0,31.906600000000005
2172,1183,1185,93.0,131.0965
2173,1183,1377,16.0,21.655
2174,1183,1567,119.0,167.7839
2175,1183,1588,51.0,59.5592
2176,1184,1185,202.0,285.3696
2177,1185,1272,40.5,58.07746666666667
2178,1185,1567,25.0,36.046549999999996
2179,1186,30,47.714285714285715,46.18698571428571
2180,1187,1188,20.0,28.10604
2181,1188,1192,24.428571428571427,28.251714285714286
2182,1189,779,50.42857142857143,71.71470000000001
2183,1190,880,20.666666666666668,29.7427
2184,1191,26,103.33333333333333,146.7936
2185,1192,779,63.0,88.9962
2186,1192,1189,60.714285714285715,59.73495714285714
2187,1193,1194,34.0,32.7598
2188,1194,1444,25.0,27.0831
2189,1195,640,11.0,11.7024
2190,1196,102,119.11111111111111,153.62764444444443
2191,1197,30,198.0,257.5175
2192,1197,623,58.5,60.541050000000006
2193,1198,1568,26.666666666666668,38.60653333333333
2194,1199,92,35.666666666666664,33.902233333333335
2195,1199,430,20.0,14.16295
2196,1200,1201,37.0,32.1194
2197,1201,1598,59.5,43.86415
2198,1202,1203,46.0,33.4148
2199,1203,176,280.0,301.92240000000004
2200,1204,1205,49.333333333333336,63.1293
2201,1205,87,113.0,141.71679999999998
2202,1205,1183,25.0,35.439499999999995
2203,1206,418,14.714285714285714,17.9999
2204,1206,1415,12.0,14.162
2205,1208,27,12.6,14.461859999999998
2206,1209,87,95.0,123.7875
2207,1209,1210,45.5,64.71585
2208,1210,87,137.0,182.8514
2209,1211,635,17.0,20.228900000000003
2210,1211,1114,15.0,12.4969
2211,1212,709,54.4,56.598699999999994
2212,1213,55,32.166666666666664,28.793333333333333
2213,1214,1570,17.333333333333332,18.881533333333334
2214,1216,288,16.555555555555557,17.217355555555557
2215,1217,269,36.285714285714285,49.20592857142857
2216,1218,1031,61.09090909090909,66.508
2217,1219,1564,12.0,17.665200000000002
2218,1220,1346,30.285714285714285,38.972899999999996
2219,1221,222,41.0,53.32835
2220,1222,1223,54.0,57.1658
2221,1223,191,25.0,36.5854
2222,1224,1571,124.0,171.3245
2223,1226,1298,77.8,109.63732
2224,1227,431,29.428571428571427,40.50337142857143
2225,1229,218,29.0,41.46201428571429
2226,1230,75,33.333333333333336,46.58546666666667
2227,1231,1232,31.0,33.4135
2228,1233,1395,50.666666666666664,72.0395
2229,1234,87,35.0,38.87455
2230,1235,1008,92.2,100.49808
2231,1236,1475,47.0,41.4874
2232,1237,93,19.0,27.2786
2233,1238,1158,27.0,29.3891
2234,1239,375,44.333333333333336,48.41306666666667
2235,1240,456,48.0,67.4982
2236,1240,1241,40.0,53.7322
2237,1241,456,11.5,16.9471
2238,1242,1179,79.5,95.65358333333334
2239,1243,1301,26.25,24.193975
2240,1244,1245,131.25,186.269425
2241,1245,1244,130.33333333333334,185.34966666666665
2242,1246,1250,45.5,65.60575
2243,1246,1389,21.0,30.4302
2244,1247,14,214.0,246.4029909090909
2245,1248,1111,21.833333333333332,17.65243333333333
2246,1248,1112,103.0,78.1911
2247,1250,1120,77.66666666666667,105.81383333333333
2248,1250,1405,42.0,46.8249
2249,1251,948,23.0,32.3055
2250,1252,1253,13.0,16.2596
2251,1253,941,13.0,16.9369
2252,1254,1255,15.0,21.8126
2253,1255,403,24.0,33.892199999999995
2254,1256,428,119.0,147.57533333333333
2255,1256,1021,55.0,60.2246
2256,1257,1218,25.555555555555557,20.79846666666667
2257,1258,814,163.0,224.601
2258,1258,816,90.0,119.3905
2259,1259,1260,24.4,23.673866666666665
2260,1260,769,26.307692307692307,29.01456923076923
2261,1261,952,15.666666666666666,18.980233333333334
2262,1262,1263,38.53846153846154,46.18530769230769
2263,1263,341,145.3846153846154,193.8320923076923
2264,1264,211,32.666666666666664,30.25651666666667
2265,1265,1266,36.0,39.7207
2266,1266,1575,22.5,32.5108
2267,1267,671,22.0,24.751350000000002
2268,1267,672,42.0,53.204800000000006
2269,1268,436,55.0,74.186475
2270,1268,1365,26.0,36.5649
2271,1269,1577,15.666666666666666,21.911233333333332
2272,1270,269,15.833333333333334,22.924633333333333
2273,1271,320,55.6,74.79054000000001
2274,1272,87,180.25,236.551225
2275,1274,1275,37.0,41.025933333333334
2276,1275,1578,19.0,27.9396
2277,1276,201,45.7,38.80225
2278,1277,206,36.5,40.0789
2279,1278,641,17.666666666666668,21.276433333333333
2280,1278,894,17.5,21.5574
2281,1280,215,41.166666666666664,35.60041666666667
2282,1282,1312,46.0,51.8922
2283,1283,434,65.0,89.7283
2284,1284,1197,60.0,71.4315
2285,1284,1597,22.333333333333332,28.147000000000002
2286,1285,247,22.0,20.6558
2287,1285,507,15.0,14.8704
2288,1286,1287,41.5,39.260000000000005
2289,1287,109,56.0,72.1443
2290,1287,1288,53.0,56.2996
2291,1288,109,24.666666666666668,32.20326666666667
2292,1289,1290,28.0,28.2977
2293,1290,55,120.0,125.4579
2294,1291,1313,43.5,60.825199999999995
2295,1292,416,293.0,331.5916
2296,1293,87,37.0,28.228700000000003
2297,1294,841,17.0,18.4886
2298,1295,1030,34.25,34.589125
2299,1296,1297,10.0,13.8129
2300,1297,78,13.0,14.714
2301,1298,1227,58.6,72.38124
2302,1299,1459,45.666666666666664,52.48926666666667
2303,1301,638,19.6,20.2864
2304,1302,1303,31.5,44.5664
2305,1303,1240,16.0,23.79
2306,1304,235,46.333333333333336,50.6128
2307,1305,26,84.0,119.1635
2308,1306,1145,52.0,74.23610000000001
2309,1306,1307,51.25,65.817375
2310,1307,623,55.0,76.084
2311,1308,1063,19.0,15.292000000000002
2312,1309,467,21.75,24.0941875
2313,1310,69,62.166666666666664,85.50816666666667
2314,1311,14,67.0,81.03528000000001
2315,1312,686,104.5,131.93885
2316,1313,1394,35.0,46.69845
2317,1314,1315,57.625,68.9776
2318,1314,1410,35.0,44.6977
2319,1315,1411,31.0,21.787475
2320,1316,580,32.0,37.6072
2321,1317,1161,32.0,34.744416666666666
2322,1318,597,34.0,48.9821
2323,1319,1320,55.0,55.6613
2324,1320,1321,50.0,49.69545
2325,1321,1007,81.5,88.13534999999999
2326,1322,1323,40.0,38.50386666666667
2327,1323,21,186.4,245.18438
2328,1324,1325,25.142857142857142,31.380057142857144
2329,1325,18,52.5,74.31979999999999
2330,1325,737,32.333333333333336,44.77803333333333
2331,1325,1036,23.0,32.8339
2332,1326,1327,21.25,26.76095
2333,1327,110,25.0,29.533900000000003
2334,1328,1042,35.0,49.0874
2335,1329,1184,71.0,98.5959
2336,1330,357,30.5,36.50075
2337,1331,149,18.0,21.279449999999997
2338,1331,1006,32.0,41.0419
2339,1332,893,32.0,36.72976666666667
2340,1333,641,29.666666666666668,36.60063333333334
2341,1334,171,20.5,23.8393
2342,1335,2,21.0,26.4331
2343,1336,627,12.0,13.96195
2344,1337,1585,24.0,31.2776
2345,1342,340,16.0,16.3611
2346,1343,621,13.0,18.64955
2347,1343,622,30.0,43.1058
2348,1344,21,166.0,216.66226666666668
2349,1345,27,32.75,46.6132
2350,1346,800,46.0,50.21998571428571
2351,1347,30,71.0,71.6641
2352,1348,934,24.0,25.2844
2353,1349,1158,59.5,70.58865
2354,1349,1238,35.0,43.314800000000005
2355,1350,14,213.0,245.81651111111108
2356,1351,340,15.5,15.3781
2357,1352,1072,28.333333333333332,26.253966666666667
2358,1355,415,23.0,32.14393333333334
2359,1357,1251,37.0,37.800200000000004
2360,1358,1361,16.0,17.544900000000002
2361,1359,1183,120.0,153.8969
2362,1360,514,40.5,36.671125
2363,1361,1589,23.5,29.27005
2364,1362,632,51.0,70.0116
2365,1365,436,30.0,35.6563
2366,1367,1368,45.5,64.7523
2367,1368,33,85.0,110.0454
2368,1368,1466,41.5,59.78545
2369,1369,520,19.0,26.60412
2370,1371,365,57.5,70.5323
2371,1375,575,58.0,68.315
2372,1377,1588,32.0,35.4602
2373,1379,1593,23.0,25.0424
2374,1380,1594,32.0,46.6587
2375,1381,1595,20.0,21.8507
2376,1383,1125,39.0,44.0919
2377,1383,1126,83.0,99.3145
2378,1384,597,33.0,46.8909
2379,1385,928,8.666666666666666,12.642499999999998
2380,1386,288,13.666666666666666,14.234133333333332
2381,1387,40,38.666666666666664,55.44056666666666
2382,1388,1127,14.5,20.84215
2383,1388,1128,26.0,37.344800000000006
2384,1389,1250,26.0,37.4561
2385,1390,1086,11.0,15.9229
2386,1391,1020,43.0,39.8026
2387,1391,1256,36.5,40.2221
2388,1392,1348,21.0,22.9574
2389,1394,14,39.5,55.265699999999995
2390,1395,503,72.0,102.1034
2391,1397,812,44.5,54.9709
2392,1398,1352,18.666666666666668,15.6284
2393,1399,1474,21.0,23.5577
2394,1400,1416,41.5,49.64275000000001
2395,1401,293,74.0,98.2615
2396,1403,1602,31.0,30.623
2397,1406,999,152.0,162.7031
2398,1408,1242,47.0,66.95206666666667
2399,1409,353,30.0,24.875133333333334
2400,1410,1315,21.5,23.45665
2401,1411,1333,31.5,37.91675
2402,1412,1230,46.0,65.1454
2403,1413,1457,25.5,37.8864
2404,1415,418,10.0,11.5396
2405,1416,1417,16.0,23.4994
2406,1417,1606,39.0,55.3318
2407,1419,390,42.0,40.3536
2408,1419,391,65.0,61.9803
2409,1420,1577,18.0,23.8946
2410,1421,30,166.0,210.9989
2411,1422,353,44.0,36.4867
2412,1423,962,103.0,127.8196
2413,1424,857,29.0,41.584
2414,1425,216,101.0,143.4434
2415,1427,5,44.0,40.1245
2416,1428,1163,37.0,40.13805000000001
2417,1431,86,17.0,22.155250000000002
2418,1432,18,11.0,15.531
2419,1433,1434,31.0,33.7629
2420,1434,1435,40.0,37.1863
2421,1435,117,67.0,85.721
2422,1436,2,125.5,163.3236
2423,1437,104,11.0,10.7606
2424,1438,1610,24.0,22.6467
2425,1439,1094,17.0,14.7983
2426,1441,93,26.0,35.7081
2427,1442,518,64.0,89.8315
2428,1444,92,86.0,93.142
2429,1445,649,25.0,23.43575
2430,1449,714,14.5,21.0233
2431,1453,978,75.0,104.374
2432,1453,1613,14.0,20.2236
2433,1456,943,9.0,10.2659
2434,1457,1614,45.0,46.9022
2435,1458,1615,43.0,61.5664
2436,1459,1616,48.5,66.1587
2437,1460,275,19.0,20.2749
2438,1461,944,48.0,64.6074
2439,1462,1527,39.0,39.0028
2440,1463,87,166.0,235.463
2441,1463,820,36.0,48.7818
2442,1465,1463,121.0,172.4213
2443,1466,33,52.5,75.12604999999999
2444,1467,78,12.0,15.0909
2445,1470,741,30.5,23.64775
2446,1471,1472,37.0,40.740300000000005
2447,1472,822,75.0,79.65169999999999
2448,1473,564,10.0,12.2279
2449,1474,641,64.0,69.678
2450,1476,870,18.0,26.2228
2451,1477,1484,187.0,243.7123
2452,1479,1610,44.0,51.0134
